-- phpMyAdmin SQL Dump
-- version 5.2.1
-- https://www.phpmyadmin.net/
--
-- Hôte : 127.0.0.1
-- Généré le : jeu. 02 avr. 2026 à 16:48
-- Version du serveur : 10.4.32-MariaDB
-- Version de PHP : 8.2.12

SET SQL_MODE = "NO_AUTO_VALUE_ON_ZERO";
START TRANSACTION;
SET time_zone = "+00:00";


/*!40101 SET @OLD_CHARACTER_SET_CLIENT=@@CHARACTER_SET_CLIENT */;
/*!40101 SET @OLD_CHARACTER_SET_RESULTS=@@CHARACTER_SET_RESULTS */;
/*!40101 SET @OLD_COLLATION_CONNECTION=@@COLLATION_CONNECTION */;
/*!40101 SET NAMES utf8mb4 */;

--
-- Base de données : `cirpark`
--

-- --------------------------------------------------------

--
-- Structure de la table `capteur`
--

CREATE TABLE `capteur` (
  `id` int(11) NOT NULL,
  `nom` varchar(20) DEFAULT NULL,
  `description` varchar(100) DEFAULT NULL,
  `numero` varchar(11) DEFAULT NULL,
  `type` varchar(20) DEFAULT NULL
) ENGINE=InnoDB DEFAULT CHARSET=utf8mb4 COLLATE=utf8mb4_general_ci;

--
-- Déchargement des données de la table `capteur`
--

INSERT INTO `capteur` (`id`, `nom`, `description`, `numero`, `type`) VALUES
(1, 'SP1700', 'Capteur Ultrason', '1700', 'Normale'),
(2, 'SP1701', 'Capteur Ultrason', '1701', 'Interdit'),
(3, 'SP1702', 'Capteur Ultrason', '1702', 'Interdit'),
(4, 'SP1703', 'Capteur Ultrason', '1703', 'Normale'),
(5, 'SP1704', 'Capteur Ultrason', '1704', 'Reserve'),
(6, 'SP1705', 'Capteur Ultrason', '1705', 'Reserve'),
(7, 'SP1706', 'Capteur Ultrason', '1706', 'Reserve'),
(8, 'SP1707', 'Capteur Ultrason', '1707', 'Reserve'),
(9, 'SP1708', 'Capteur Ultrason', '1708', 'Normale'),
(10, 'SP1709', 'Capteur Ultrason', '1709', 'Normale'),
(11, 'SP170A', 'Capteur Ultrason', '170A', 'Interdit'),
(12, 'SP170B', 'Capteur Ultrason', '170B', 'Normale'),
(13, 'SP170C', 'Capteur Ultrason', '170C', 'Reserve'),
(14, 'SP170D', 'Capteur Ultrason', '170D', 'Reserve'),
(15, 'SP170E', 'Capteur Ultrason', '170E', 'Normale'),
(16, 'SP170F', 'Capteur Ultrason', '170F', 'Interdit'),
(17, 'SP1710', 'Capteur Ultrason', '1710', 'Interdit'),
(18, 'SP1711', 'Capteur Ultrason', '1711', 'Normale'),
(19, 'SP1712', 'Capteur Ultrason', '1712', 'Interdit'),
(20, 'SP1713', 'Capteur Ultrason', '1713', 'Normale'),
(21, 'SP1714', 'Capteur Ultrason', '1714', 'Reserve'),
(22, 'SP1715', 'Capteur Ultrason', '1715', 'Reserve'),
(23, 'SP1716', 'Capteur Ultrason', '1716', 'Interdit'),
(24, 'SP1717', 'Capteur Ultrason', '1717', 'Reserve'),
(25, 'SP1718', 'Capteur Ultrason', '1718', 'Normale'),
(26, 'SP1719', 'Capteur Ultrason', '1719', 'Reserve'),
(27, 'SP171A', 'Capteur Ultrason', '171A', 'Reserve'),
(28, 'SP171B', 'Capteur Ultrason', '171B', 'Normale'),
(29, 'SP171C', 'Capteur Ultrason', '171C', 'Reserve'),
(30, 'SP171D', 'Capteur Ultrason', '171D', 'Interdit'),
(31, 'SP171E', 'Capteur Ultrason', '171E', 'Reserve'),
(32, 'SP171F', 'Capteur Ultrason', '171F', 'Reserve'),
(33, 'SP1720', 'Capteur Ultrason', '1720', 'Reserve'),
(34, 'SP1721', 'Capteur Ultrason', '1721', 'Reserve'),
(35, 'SP1722', 'Capteur Ultrason', '1722', 'Reserve'),
(36, 'SP1723', 'Capteur Ultrason', '1723', 'Normale'),
(37, 'SP1724', 'Capteur Ultrason', '1724', 'Normale'),
(38, 'SP1725', 'Capteur Ultrason', '1725', 'Reserve'),
(39, 'SP1726', 'Capteur Ultrason', '1726', 'Reserve'),
(40, 'SP1727', 'Capteur Ultrason', '1727', 'Reserve'),
(41, 'SP1728', 'Capteur Ultrason', '1728', 'Interdit'),
(42, 'SP1729', 'Capteur Ultrason', '1729', 'Interdit'),
(43, 'SP172A', 'Capteur Ultrason', '172A', 'Normale'),
(44, 'SP172B', 'Capteur Ultrason', '172B', 'Normale'),
(45, 'SP172C', 'Capteur Ultrason', '172C', 'Interdit'),
(46, 'SP172D', 'Capteur Ultrason', '172D', 'Reserve'),
(47, 'SP172E', 'Capteur Ultrason', '172E', 'Reserve'),
(48, 'SP172F', 'Capteur Ultrason', '172F', 'Reserve'),
(49, 'SP1730', 'Capteur Ultrason', '1730', 'Reserve'),
(50, 'SP1731', 'Capteur Ultrason', '1731', 'Interdit'),
(51, 'SP1732', 'Capteur Ultrason', '1732', 'Reserve'),
(52, 'SP1733', 'Capteur Ultrason', '1733', 'Normale'),
(53, 'SP1734', 'Capteur Ultrason', '1734', 'Interdit'),
(54, 'SP1735', 'Capteur Ultrason', '1735', 'Normale'),
(55, 'SP1736', 'Capteur Ultrason', '1736', 'Normale'),
(56, 'SP1737', 'Capteur Ultrason', '1737', 'Reserve'),
(57, 'SP1738', 'Capteur Ultrason', '1738', 'Interdit'),
(58, 'SP1739', 'Capteur Ultrason', '1739', 'Reserve'),
(59, 'SP173A', 'Capteur Ultrason', '173A', 'Normale'),
(60, 'SP173B', 'Capteur Ultrason', '173B', 'Reserve'),
(61, 'SP173C', 'Capteur Ultrason', '173C', 'Interdit'),
(62, 'SP173D', 'Capteur Ultrason', '173D', 'Normale'),
(63, 'SP173E', 'Capteur Ultrason', '173E', 'Normale'),
(64, 'SP173F', 'Capteur Ultrason', '173F', 'Normale');

-- --------------------------------------------------------

--
-- Structure de la table `configuration`
--

CREATE TABLE `configuration` (
  `id` int(11) NOT NULL,
  `id_capteur` int(11) DEFAULT NULL,
  `mode` varchar(20) DEFAULT NULL,
  `hauteur` int(11) DEFAULT NULL,
  `eclairage` varchar(20) DEFAULT NULL,
  `detection` varchar(20) DEFAULT NULL,
  `version` varchar(20) DEFAULT NULL
) ENGINE=InnoDB DEFAULT CHARSET=utf8mb4 COLLATE=utf8mb4_general_ci;

--
-- Déchargement des données de la table `configuration`
--

INSERT INTO `configuration` (`id`, `id_capteur`, `mode`, `hauteur`, `eclairage`, `detection`, `version`) VALUES
(1, 1, 'TX/RX', 280, '250', 'sol', '1.6'),
(2, 2, 'TX/RX', 280, '250', 'sol', '1.6'),
(3, 3, 'TX/RX', 280, '250', 'sol', '1.6'),
(4, 4, 'TX/RX', 280, '250', 'sol', '1.6'),
(5, 5, 'TX/RX', 280, '250', 'sol', '1.6'),
(6, 6, 'TX/RX', 280, '250', 'sol', '1.6'),
(7, 7, 'TX/RX', 280, '250', 'sol', '1.6'),
(8, 8, 'TX/RX', 280, '250', 'sol', '1.6'),
(9, 9, 'TX/RX', 280, '250', 'sol', '1.6'),
(10, 10, 'TX/RX', 280, '250', 'sol', '1.6'),
(11, 11, 'TX/RX', 280, '250', 'sol', '1.6'),
(12, 12, 'TX/RX', 280, '250', 'sol', '1.6'),
(13, 13, 'TX/RX', 280, '250', 'sol', '1.6'),
(14, 14, 'TX/RX', 280, '250', 'sol', '1.6'),
(15, 15, 'TX/RX', 280, '250', 'sol', '1.6'),
(16, 16, 'TX/RX', 280, '250', 'sol', '1.6'),
(17, 17, 'TX/RX', 280, '250', 'sol', '1.6'),
(18, 18, 'TX/RX', 280, '250', 'sol', '1.6'),
(19, 19, 'TX/RX', 280, '250', 'sol', '1.6'),
(20, 20, 'TX/RX', 280, '250', 'sol', '1.6'),
(21, 21, 'TX/RX', 280, '250', 'sol', '1.6'),
(22, 22, 'TX/RX', 280, '250', 'sol', '1.6'),
(23, 23, 'TX/RX', 280, '250', 'sol', '1.6'),
(24, 24, 'TX/RX', 280, '250', 'sol', '1.6'),
(25, 25, 'TX/RX', 280, '250', 'sol', '1.6'),
(26, 26, 'TX/RX', 280, '250', 'sol', '1.6'),
(27, 27, 'TX/RX', 280, '250', 'sol', '1.6'),
(28, 28, 'TX/RX', 280, '250', 'sol', '1.6'),
(29, 29, 'TX/RX', 280, '250', 'sol', '1.6'),
(30, 30, 'TX/RX', 280, '250', 'sol', '1.6'),
(31, 31, 'TX/RX', 280, '250', 'sol', '1.6'),
(32, 32, 'TX/RX', 280, '250', 'sol', '1.6'),
(33, 33, 'TX/RX', 280, '250', 'sol', '1.6'),
(34, 34, 'TX/RX', 280, '250', 'sol', '1.6'),
(35, 35, 'TX/RX', 280, '250', 'sol', '1.6'),
(36, 36, 'TX/RX', 280, '250', 'sol', '1.6'),
(37, 37, 'TX/RX', 280, '250', 'sol', '1.6'),
(38, 38, 'TX/RX', 280, '250', 'sol', '1.6'),
(39, 39, 'TX/RX', 280, '250', 'sol', '1.6'),
(40, 40, 'TX/RX', 280, '250', 'sol', '1.6'),
(41, 41, 'TX/RX', 280, '250', 'sol', '1.6'),
(42, 42, 'TX/RX', 280, '250', 'sol', '1.6'),
(43, 43, 'TX/RX', 280, '250', 'sol', '1.6'),
(44, 44, 'TX/RX', 280, '250', 'sol', '1.6'),
(45, 45, 'TX/RX', 280, '250', 'sol', '1.6'),
(46, 46, 'TX/RX', 280, '250', 'sol', '1.6'),
(47, 47, 'TX/RX', 280, '250', 'sol', '1.6'),
(48, 48, 'TX/RX', 280, '250', 'sol', '1.6'),
(49, 49, 'TX/RX', 280, '250', 'sol', '1.6'),
(50, 50, 'TX/RX', 280, '250', 'sol', '1.6'),
(51, 51, 'TX/RX', 280, '250', 'sol', '1.6'),
(52, 52, 'TX/RX', 280, '250', 'sol', '1.6'),
(53, 53, 'TX/RX', 280, '250', 'sol', '1.6'),
(54, 54, 'TX/RX', 280, '250', 'sol', '1.6'),
(55, 55, 'TX/RX', 280, '250', 'sol', '1.6'),
(56, 56, 'TX/RX', 280, '250', 'sol', '1.6'),
(57, 57, 'TX/RX', 280, '250', 'sol', '1.6'),
(58, 58, 'TX/RX', 280, '250', 'sol', '1.6'),
(59, 59, 'TX/RX', 280, '250', 'sol', '1.6'),
(60, 60, 'TX/RX', 280, '250', 'sol', '1.6'),
(61, 61, 'TX/RX', 280, '250', 'sol', '1.6'),
(62, 62, 'TX/RX', 280, '250', 'sol', '1.6'),
(63, 63, 'TX/RX', 280, '250', 'sol', '1.6'),
(64, 64, 'TX/RX', 280, '250', 'sol', '1.6');

-- --------------------------------------------------------

--
-- Structure de la table `etat`
--

CREATE TABLE `etat` (
  `id` int(11) NOT NULL,
  `etat` varchar(20) DEFAULT NULL,
  `date_heure` datetime DEFAULT NULL,
  `id_capteur` int(11) DEFAULT NULL
) ENGINE=InnoDB DEFAULT CHARSET=utf8mb4 COLLATE=utf8mb4_general_ci;

--
-- Déchargement des données de la table `etat`
--

INSERT INTO `etat` (`id`, `etat`, `date_heure`, `id_capteur`) VALUES
(1, 'Occupee', '2024-02-15 19:22:20', 1),
(2, 'Occupee', '2024-01-29 16:32:32', 2),
(3, 'Libre', '2024-01-20 22:57:46', 3),
(4, 'Occupee', '2024-02-11 21:54:47', 4),
(5, 'Libre', '2024-02-05 06:46:49', 5),
(6, 'Occupee', '2024-02-11 04:27:42', 6),
(7, 'Libre', '2024-02-13 23:09:57', 7),
(8, 'Occupee', '2024-01-26 17:52:21', 8),
(9, 'Occupee', '2024-01-23 23:26:05', 9),
(10, 'Libre', '2024-01-31 20:47:47', 10),
(11, 'Libre', '2024-01-26 01:53:48', 11),
(12, 'Libre', '2024-02-04 10:26:25', 12),
(13, 'Libre', '2024-02-16 00:44:40', 13),
(14, 'Occupee', '2024-01-16 08:58:17', 14),
(15, 'Occupee', '2024-01-16 02:37:51', 15),
(16, 'Occupee', '2024-02-04 11:49:43', 16),
(17, 'Occupee', '2024-02-01 20:14:31', 17),
(18, 'Occupee', '2024-01-31 14:37:54', 18),
(19, 'Occupee', '2024-01-17 09:50:04', 19),
(20, 'Occupee', '2024-02-09 13:10:10', 20),
(21, 'Occupee', '2024-02-14 08:27:59', 21),
(22, 'Occupee', '2024-02-08 04:53:07', 22),
(23, 'Libre', '2024-02-14 13:58:56', 23),
(24, 'Occupee', '2024-02-05 09:21:14', 24),
(25, 'Libre', '2024-01-16 18:53:56', 25),
(26, 'Libre', '2024-02-16 22:44:28', 26),
(27, 'Libre', '2024-01-23 15:49:51', 27),
(28, 'Libre', '2024-01-26 09:55:00', 28),
(29, 'Occupee', '2024-01-16 15:50:46', 29),
(30, 'Libre', '2024-02-16 11:29:42', 30),
(31, 'Occupee', '2024-01-28 14:25:24', 31),
(32, 'Libre', '2024-02-16 01:22:19', 32),
(33, 'Libre', '2024-02-08 01:18:00', 33),
(34, 'Occupee', '2024-02-13 20:38:46', 34),
(35, 'Occupee', '2024-01-18 13:30:21', 35),
(36, 'Libre', '2024-02-01 06:06:56', 36),
(37, 'Libre', '2024-02-05 13:16:47', 37),
(38, 'Libre', '2024-01-23 20:15:38', 38),
(39, 'Libre', '2024-01-25 16:00:27', 39),
(40, 'Occupee', '2024-02-09 15:45:54', 40),
(41, 'Libre', '2024-02-11 01:09:20', 41),
(42, 'Libre', '2024-02-15 00:30:18', 42),
(43, 'Occupee', '2024-02-13 20:58:34', 43),
(44, 'Occupee', '2024-01-27 15:20:49', 44),
(45, 'Libre', '2024-01-18 07:28:29', 45),
(46, 'Libre', '2024-02-12 22:41:39', 46),
(47, 'Occupee', '2024-01-30 02:39:17', 47),
(48, 'Libre', '2024-02-14 03:56:03', 48),
(49, 'Occupee', '2024-02-05 01:26:27', 49),
(50, 'Libre', '2024-02-15 02:38:48', 50),
(51, 'Occupee', '2024-01-16 23:38:17', 51),
(52, 'Occupee', '2024-01-22 04:20:59', 52),
(53, 'Libre', '2024-02-11 03:21:53', 53),
(54, 'Occupee', '2024-01-23 17:36:05', 54),
(55, 'Occupee', '2024-01-22 22:38:09', 55),
(56, 'Occupee', '2024-01-31 02:18:41', 56),
(57, 'Occupee', '2024-02-02 00:29:08', 57),
(58, 'Libre', '2024-02-16 06:23:46', 58),
(59, 'Occupee', '2024-01-29 20:46:18', 59),
(60, 'Occupee', '2024-01-26 21:48:59', 60),
(61, 'Libre', '2024-01-20 11:11:11', 61),
(62, 'Occupee', '2024-02-16 17:13:34', 62),
(63, 'Occupee', '2024-01-26 09:10:12', 63),
(64, 'Occupee', '2024-01-17 16:38:28', 64),
(100, 'Occupee', '2024-02-26 13:29:55', 3),
(102, 'Occupee', '2024-02-26 13:30:30', 3),
(104, 'Occupee', '2024-02-26 13:32:04', 3),
(107, 'Occupee', '2024-02-26 13:36:38', 3),
(108, 'Libre', '2024-02-26 13:38:08', 3),
(109, 'Occupee', '2024-02-26 13:38:08', 5),
(110, 'Libre', '2025-03-20 09:13:26', 1),
(111, 'Libre', '2025-03-20 09:24:07', 1),
(112, 'Libre', '2025-03-20 09:24:07', 2),
(113, 'Libre', '2025-03-20 09:24:07', 4),
(114, 'Libre', '2025-03-20 09:24:07', 6),
(115, 'Libre', '2025-03-20 09:24:07', 8),
(116, 'Libre', '2025-03-20 09:24:07', 9),
(117, 'Libre', '2025-03-20 09:26:00', 1),
(118, 'Libre', '2025-03-20 09:26:00', 2),
(119, 'Libre', '2025-03-20 09:26:00', 4),
(120, 'Libre', '2025-03-20 09:26:00', 6),
(121, 'Libre', '2025-03-20 09:26:00', 8),
(122, 'Libre', '2025-03-20 09:26:00', 9),
(123, 'Libre', '2025-03-20 09:26:00', 14),
(124, 'Libre', '2025-03-20 09:26:01', 15),
(125, 'Libre', '2025-03-20 09:26:01', 16),
(126, 'Libre', '2025-03-20 09:26:01', 17),
(127, 'Libre', '2025-03-20 09:26:01', 18),
(128, 'Libre', '2025-03-20 09:26:01', 19),
(129, 'Libre', '2025-03-20 09:26:01', 20),
(130, 'Libre', '2025-03-20 09:26:01', 21),
(131, 'Libre', '2025-03-20 09:26:01', 22),
(132, 'Libre', '2025-03-20 09:26:01', 24),
(133, 'Libre', '2025-03-20 09:26:01', 29),
(134, 'Libre', '2025-03-20 09:26:01', 31),
(135, 'Libre', '2025-03-20 09:26:01', 34),
(136, 'Libre', '2025-03-20 09:26:01', 35),
(137, 'Libre', '2025-03-24 16:33:33', 1),
(138, 'Occupee', '2025-03-24 16:33:33', 2),
(139, 'Libre', '2025-03-24 16:33:33', 3),
(140, 'Libre', '2025-03-24 16:33:33', 4),
(141, 'Libre', '2025-03-24 16:33:33', 5),
(142, 'Libre', '2025-03-24 16:33:33', 6),
(143, 'Libre', '2025-03-24 16:33:33', 7),
(144, 'Libre', '2025-03-24 16:33:33', 8),
(145, 'Libre', '2025-03-24 16:33:33', 9),
(146, 'Libre', '2025-03-24 16:33:33', 10),
(147, 'Libre', '2025-03-24 16:33:33', 11),
(148, 'Libre', '2025-03-24 16:33:33', 12),
(149, 'Libre', '2025-03-24 16:33:33', 13),
(150, 'Libre', '2025-03-24 16:33:33', 14),
(151, 'Libre', '2025-03-24 16:33:33', 15),
(152, 'Libre', '2025-03-24 16:33:33', 16),
(153, 'Libre', '2025-03-24 16:33:33', 17),
(154, 'Libre', '2025-03-24 16:33:33', 18),
(155, 'Libre', '2025-03-24 16:33:33', 19),
(156, 'Libre', '2025-03-24 16:33:33', 20),
(157, 'Libre', '2025-03-24 16:33:33', 21),
(158, 'Libre', '2025-03-24 16:33:33', 22),
(159, 'Libre', '2025-03-24 16:33:33', 23),
(160, 'Libre', '2025-03-24 16:33:33', 24),
(161, 'Libre', '2025-03-24 16:33:33', 25),
(162, 'Libre', '2025-03-24 16:33:33', 26),
(163, 'Libre', '2025-03-24 16:33:33', 27),
(164, 'Libre', '2025-03-24 16:33:33', 28),
(165, 'Libre', '2025-03-24 16:33:33', 29),
(166, 'Libre', '2025-03-24 16:33:33', 30),
(167, 'Libre', '2025-03-24 16:33:33', 31),
(168, 'Libre', '2025-03-24 16:33:33', 32),
(169, 'Libre', '2025-03-24 16:33:33', 33),
(170, 'Libre', '2025-03-24 16:33:34', 34),
(171, 'Libre', '2025-03-24 16:33:34', 35),
(172, 'Libre', '2025-03-24 16:33:34', 36),
(173, 'Libre', '2025-03-24 16:33:34', 37),
(174, 'Libre', '2025-03-24 16:33:34', 38),
(175, 'Libre', '2025-03-24 16:33:34', 39),
(176, 'Libre', '2025-03-24 16:33:34', 40),
(177, 'Libre', '2025-03-24 16:33:34', 41),
(178, 'Libre', '2025-03-24 16:33:34', 42),
(179, 'Libre', '2025-03-24 16:33:34', 43),
(180, 'Libre', '2025-03-24 16:33:34', 44),
(181, 'Libre', '2025-03-24 16:33:34', 45),
(182, 'Libre', '2025-03-24 16:33:34', 46),
(183, 'Occupee', '2025-03-24 16:33:34', 47),
(184, 'Libre', '2025-03-24 16:33:34', 48),
(185, 'Libre', '2025-03-24 16:33:34', 49),
(186, 'Occupee', '2025-03-24 16:33:34', 50),
(187, 'Libre', '2025-03-24 16:33:34', 51),
(188, 'Occupee', '2025-03-24 16:33:34', 52),
(189, 'Occupee', '2025-03-24 16:33:34', 53),
(190, 'Libre', '2025-03-24 16:33:34', 54),
(191, 'Occupee', '2025-03-24 16:33:34', 55),
(192, 'Libre', '2025-03-24 16:33:34', 56),
(193, 'Libre', '2025-03-24 16:33:34', 57),
(194, 'Occupee', '2025-03-24 16:33:34', 58),
(195, 'Libre', '2025-03-24 16:33:34', 59),
(196, 'Occupee', '2025-03-24 16:33:34', 60),
(197, 'Libre', '2025-03-24 16:33:34', 61),
(198, 'Occupee', '2025-03-24 16:33:34', 62),
(199, 'Libre', '2025-03-24 16:33:34', 63),
(200, 'Occupee', '2025-03-24 16:33:34', 64),
(201, 'Libre', '2026-03-24 15:46:37', 1),
(202, 'Libre', '2026-03-24 15:46:37', 2),
(203, 'Occupée', '2026-03-24 15:46:37', 3),
(204, 'Libre', '2026-03-24 15:46:37', 4),
(205, 'Occupée', '2026-03-24 15:46:37', 5),
(206, 'Occupée', '2026-03-24 15:46:37', 6),
(207, 'Occupée', '2026-03-24 15:46:37', 7),
(208, 'Occupée', '2026-03-24 15:46:37', 8),
(209, 'Occupée', '2026-03-24 15:46:37', 9),
(210, 'Occupée', '2026-03-24 15:46:37', 10),
(211, 'Occupée', '2026-03-24 15:46:37', 11),
(212, 'Libre', '2026-03-24 15:46:37', 12),
(213, 'Libre', '2026-03-24 15:46:37', 13),
(214, 'Occupée', '2026-03-24 15:46:38', 14),
(215, 'Occupée', '2026-03-24 15:46:38', 15),
(216, 'Occupée', '2026-03-24 15:46:38', 16),
(217, 'Occupée', '2026-03-24 15:46:38', 17),
(218, 'Libre', '2026-03-24 15:46:38', 18),
(219, 'Occupée', '2026-03-24 15:46:38', 19),
(220, 'Occupée', '2026-03-24 15:46:38', 20),
(221, 'Libre', '2026-03-24 15:46:38', 21),
(222, 'Occupée', '2026-03-24 15:46:38', 22),
(223, 'Libre', '2026-03-24 15:46:38', 23),
(224, 'Libre', '2026-03-24 15:46:38', 24),
(225, 'Occupée', '2026-03-24 15:46:38', 25),
(226, 'Occupée', '2026-03-24 15:46:38', 26),
(227, 'Occupée', '2026-03-24 15:46:38', 27),
(228, 'Occupée', '2026-03-24 15:46:38', 28),
(229, 'Occupée', '2026-03-24 15:46:38', 29),
(230, 'Occupée', '2026-03-24 15:46:38', 30),
(231, 'Occupée', '2026-03-24 15:46:38', 31),
(232, 'Libre', '2026-03-24 15:46:38', 32),
(233, 'Libre', '2026-03-24 15:46:38', 33),
(234, 'Occupée', '2026-03-24 15:46:38', 34),
(235, 'Occupée', '2026-03-24 15:46:38', 35),
(236, 'Occupée', '2026-03-24 15:46:38', 36),
(237, 'Occupée', '2026-03-24 15:46:38', 37),
(238, 'Libre', '2026-03-24 15:46:38', 38),
(239, 'Occupée', '2026-03-24 15:46:38', 39),
(240, 'Occupée', '2026-03-24 15:46:38', 40),
(241, 'Libre', '2026-03-24 15:46:38', 41),
(242, 'Occupée', '2026-03-24 15:46:38', 42),
(243, 'Libre', '2026-03-24 15:46:38', 43),
(244, 'Occupée', '2026-03-24 15:46:38', 44),
(245, 'Libre', '2026-03-24 15:46:39', 45),
(246, 'Occupée', '2026-03-24 15:46:39', 46),
(247, 'Libre', '2026-03-24 15:46:39', 47),
(248, 'Occupée', '2026-03-24 15:46:39', 48),
(249, 'Libre', '2026-03-24 15:46:39', 49),
(250, 'Occupée', '2026-03-24 15:46:39', 50),
(251, 'Occupée', '2026-03-24 15:46:39', 51),
(252, 'Occupée', '2026-03-24 15:46:39', 52),
(253, 'Occupée', '2026-03-24 15:46:39', 53),
(254, 'Libre', '2026-03-24 15:46:39', 54),
(255, 'Occupée', '2026-03-24 15:46:39', 55),
(256, 'Occupée', '2026-03-24 15:46:39', 56),
(257, 'Libre', '2026-03-24 15:46:39', 57),
(258, 'Occupée', '2026-03-24 15:46:39', 58),
(259, 'Libre', '2026-03-24 15:46:39', 59),
(260, 'Occupée', '2026-03-24 15:46:39', 60),
(261, 'Libre', '2026-03-24 15:46:39', 61),
(262, 'Occupée', '2026-03-24 15:46:39', 62),
(263, 'Libre', '2026-03-24 15:46:39', 63),
(264, 'Occupée', '2026-03-24 15:46:39', 64),
(265, 'Libre', '2026-03-24 15:46:39', 1),
(266, 'Libre', '2026-03-24 15:46:39', 2),
(267, 'Occupée', '2026-03-24 15:46:39', 3),
(268, 'Libre', '2026-03-24 15:46:39', 4),
(269, 'Occupée', '2026-03-24 15:46:39', 5),
(270, 'Occupée', '2026-03-24 15:46:39', 6),
(271, 'Occupée', '2026-03-24 15:46:39', 7),
(272, 'Occupée', '2026-03-24 15:46:39', 8),
(273, 'Occupée', '2026-03-24 15:46:39', 9),
(274, 'Occupée', '2026-03-24 15:46:39', 10),
(275, 'Occupée', '2026-03-24 15:46:39', 11),
(276, 'Libre', '2026-03-24 15:46:39', 12),
(277, 'Libre', '2026-03-24 15:46:39', 13),
(278, 'Occupée', '2026-03-24 15:46:39', 14),
(279, 'Occupée', '2026-03-24 15:46:40', 15),
(280, 'Occupée', '2026-03-24 15:46:40', 16),
(281, 'Occupée', '2026-03-24 15:46:40', 17),
(282, 'Libre', '2026-03-24 15:46:40', 18),
(283, 'Occupée', '2026-03-24 15:46:40', 19),
(284, 'Occupée', '2026-03-24 15:46:40', 20),
(285, 'Libre', '2026-03-24 15:46:40', 21),
(286, 'Occupée', '2026-03-24 15:46:40', 22),
(287, 'Libre', '2026-03-24 15:46:40', 23),
(288, 'Libre', '2026-03-24 15:46:40', 24),
(289, 'Occupée', '2026-03-24 15:46:40', 25),
(290, 'Occupée', '2026-03-24 15:46:40', 26),
(291, 'Occupée', '2026-03-24 15:46:40', 27),
(292, 'Occupée', '2026-03-24 15:46:40', 28),
(293, 'Occupée', '2026-03-24 15:46:40', 29),
(294, 'Occupée', '2026-03-24 15:46:40', 30),
(295, 'Occupée', '2026-03-24 15:46:40', 31),
(296, 'Libre', '2026-03-24 15:46:40', 32),
(297, 'Libre', '2026-03-24 15:46:40', 33),
(298, 'Occupée', '2026-03-24 15:46:40', 34),
(299, 'Occupée', '2026-03-24 15:46:40', 35),
(300, 'Occupée', '2026-03-24 15:46:40', 36),
(301, 'Occupée', '2026-03-24 15:46:40', 37),
(302, 'Libre', '2026-03-24 15:46:40', 38),
(303, 'Occupée', '2026-03-24 15:46:40', 39),
(304, 'Occupée', '2026-03-24 15:46:40', 40),
(305, 'Libre', '2026-03-24 15:46:40', 41),
(306, 'Occupée', '2026-03-24 15:46:40', 42),
(307, 'Libre', '2026-03-24 15:46:40', 43),
(308, 'Occupée', '2026-03-24 15:46:40', 44),
(309, 'Libre', '2026-03-24 15:46:41', 45),
(310, 'Occupée', '2026-03-24 15:46:41', 46),
(311, 'Libre', '2026-03-24 15:46:41', 47),
(312, 'Occupée', '2026-03-24 15:46:41', 48),
(313, 'Libre', '2026-03-24 15:46:41', 49),
(314, 'Occupée', '2026-03-24 15:46:41', 50),
(315, 'Occupée', '2026-03-24 15:46:41', 51),
(316, 'Occupée', '2026-03-24 15:46:41', 52),
(317, 'Occupée', '2026-03-24 15:46:41', 53),
(318, 'Libre', '2026-03-24 15:46:41', 54),
(319, 'Occupée', '2026-03-24 15:46:41', 55),
(320, 'Occupée', '2026-03-24 15:46:41', 56),
(321, 'Libre', '2026-03-24 15:46:41', 57),
(322, 'Occupée', '2026-03-24 15:46:41', 58),
(323, 'Libre', '2026-03-24 15:46:41', 59),
(324, 'Occupée', '2026-03-24 15:46:41', 60),
(325, 'Libre', '2026-03-24 15:46:41', 61),
(326, 'Occupée', '2026-03-24 15:46:41', 62),
(327, 'Libre', '2026-03-24 15:46:41', 63),
(328, 'Occupée', '2026-03-24 15:46:41', 64),
(329, 'Libre', '2026-03-24 15:46:41', 1),
(330, 'Libre', '2026-03-24 15:46:41', 2),
(331, 'Occupée', '2026-03-24 15:46:41', 3),
(332, 'Libre', '2026-03-24 15:46:41', 4),
(333, 'Occupée', '2026-03-24 15:46:41', 5),
(334, 'Occupée', '2026-03-24 15:46:41', 6),
(335, 'Occupée', '2026-03-24 15:46:41', 7),
(336, 'Occupée', '2026-03-24 15:46:41', 8),
(337, 'Occupée', '2026-03-24 15:46:41', 9),
(338, 'Occupée', '2026-03-24 15:46:41', 10),
(339, 'Occupée', '2026-03-24 15:46:42', 11),
(340, 'Libre', '2026-03-24 15:46:42', 12),
(341, 'Libre', '2026-03-24 15:46:42', 13),
(342, 'Occupée', '2026-03-24 15:46:42', 14),
(343, 'Occupée', '2026-03-24 15:46:42', 15),
(344, 'Occupée', '2026-03-24 15:46:42', 16),
(345, 'Occupée', '2026-03-24 15:46:42', 17),
(346, 'Libre', '2026-03-24 15:46:42', 18),
(347, 'Occupée', '2026-03-24 15:46:42', 19),
(348, 'Occupée', '2026-03-24 15:46:42', 20),
(349, 'Libre', '2026-03-24 15:46:42', 21),
(350, 'Occupée', '2026-03-24 15:46:42', 22),
(351, 'Libre', '2026-03-24 15:46:42', 23),
(352, 'Libre', '2026-03-24 15:46:42', 24),
(353, 'Occupée', '2026-03-24 15:46:42', 25),
(354, 'Occupée', '2026-03-24 15:46:42', 26),
(355, 'Occupée', '2026-03-24 15:46:42', 27),
(356, 'Occupée', '2026-03-24 15:46:42', 28),
(357, 'Occupée', '2026-03-24 15:46:42', 29),
(358, 'Occupée', '2026-03-24 15:46:42', 30),
(359, 'Occupée', '2026-03-24 15:46:42', 31),
(360, 'Libre', '2026-03-24 15:46:42', 32),
(361, 'Libre', '2026-03-24 15:46:42', 33),
(362, 'Occupée', '2026-03-24 15:46:42', 34),
(363, 'Occupée', '2026-03-24 15:46:42', 35),
(364, 'Occupée', '2026-03-24 15:46:42', 36),
(365, 'Occupée', '2026-03-24 15:46:42', 37),
(366, 'Libre', '2026-03-24 15:46:42', 38),
(367, 'Occupée', '2026-03-24 15:46:42', 39),
(368, 'Occupée', '2026-03-24 15:46:42', 40),
(369, 'Libre', '2026-03-24 15:46:42', 41),
(370, 'Occupée', '2026-03-24 15:46:42', 42),
(371, 'Libre', '2026-03-24 15:46:42', 43),
(372, 'Occupée', '2026-03-24 15:46:42', 44),
(373, 'Libre', '2026-03-24 15:46:43', 45),
(374, 'Occupée', '2026-03-24 15:46:43', 46),
(375, 'Libre', '2026-03-24 15:46:43', 47),
(376, 'Occupée', '2026-03-24 15:46:43', 48),
(377, 'Libre', '2026-03-24 15:46:43', 49),
(378, 'Occupée', '2026-03-24 15:46:43', 50),
(379, 'Occupée', '2026-03-24 15:46:43', 51),
(380, 'Occupée', '2026-03-24 15:46:43', 52),
(381, 'Occupée', '2026-03-24 15:46:43', 53),
(382, 'Libre', '2026-03-24 15:48:31', 1),
(383, 'Libre', '2026-03-24 15:49:26', 1),
(384, 'Libre', '2026-03-24 15:49:43', 1),
(385, 'Libre', '2026-03-24 15:49:55', 1),
(386, 'Libre', '2026-03-24 15:50:11', 1),
(387, 'Libre', '2026-03-24 15:51:11', 2),
(388, 'Occupée', '2026-03-24 15:52:11', 3),
(389, 'Libre', '2026-03-24 15:53:11', 4),
(390, 'Occupée', '2026-03-24 15:54:11', 5),
(391, 'Occupée', '2026-03-24 15:55:11', 6),
(392, 'Occupée', '2026-03-24 15:56:11', 7),
(393, 'Occupée', '2026-03-24 15:57:11', 8),
(394, 'Occupée', '2026-03-24 15:58:11', 9),
(395, 'Occupée', '2026-03-24 15:59:11', 10),
(396, 'Occupée', '2026-03-24 16:00:11', 11),
(397, 'Libre', '2026-03-24 16:01:11', 12),
(398, 'Libre', '2026-03-24 16:02:11', 13),
(399, 'Occupée', '2026-03-24 16:03:11', 14),
(400, 'Occupée', '2026-03-24 16:04:11', 15),
(401, 'Occupée', '2026-03-24 16:05:11', 16),
(402, 'Occupée', '2026-03-24 16:06:11', 17),
(403, 'Libre', '2026-03-24 16:07:11', 18),
(404, 'Occupée', '2026-03-24 16:08:11', 19),
(405, 'Occupée', '2026-03-24 16:09:11', 20),
(406, 'Libre', '2026-03-24 16:10:11', 21),
(407, 'Occupée', '2026-03-24 16:11:11', 22),
(408, 'Libre', '2026-03-24 16:12:11', 23),
(409, 'Libre', '2026-03-24 16:13:12', 24),
(410, 'Libre', '2026-03-24 16:13:58', 1),
(411, 'Libre', '2026-03-24 16:14:29', 1),
(412, 'Libre', '2026-03-24 16:14:29', 2),
(413, 'Occupée', '2026-03-24 16:14:29', 3),
(414, 'Libre', '2026-03-24 16:14:29', 4),
(415, 'Occupée', '2026-03-24 16:14:30', 5),
(416, 'Occupée', '2026-03-24 16:14:30', 6),
(417, 'Occupée', '2026-03-24 16:14:30', 7),
(418, 'Occupée', '2026-03-24 16:14:30', 8),
(419, 'Occupée', '2026-03-24 16:14:30', 9),
(420, 'Occupée', '2026-03-24 16:14:30', 10),
(421, 'Occupée', '2026-03-24 16:14:30', 11),
(422, 'Libre', '2026-03-24 16:14:30', 12),
(423, 'Libre', '2026-03-24 16:14:30', 13),
(424, 'Occupée', '2026-03-24 16:14:30', 14),
(425, 'Occupée', '2026-03-24 16:14:30', 15),
(426, 'Occupée', '2026-03-24 16:14:30', 16),
(427, 'Occupée', '2026-03-24 16:14:30', 17),
(428, 'Libre', '2026-03-24 16:14:30', 18),
(429, 'Occupée', '2026-03-24 16:14:30', 19),
(430, 'Occupée', '2026-03-24 16:14:30', 20),
(431, 'Libre', '2026-03-24 16:14:30', 21),
(432, 'Occupée', '2026-03-24 16:14:30', 22),
(433, 'Libre', '2026-03-24 16:14:30', 23),
(434, 'Libre', '2026-03-24 16:14:30', 24),
(435, 'Occupée', '2026-03-24 16:14:30', 25),
(436, 'Occupée', '2026-03-24 16:14:30', 26),
(437, 'Occupée', '2026-03-24 16:14:30', 27),
(438, 'Occupée', '2026-03-24 16:14:30', 28),
(439, 'Occupée', '2026-03-24 16:14:30', 29),
(440, 'Occupée', '2026-03-24 16:14:30', 30),
(441, 'Occupée', '2026-03-24 16:14:30', 31),
(442, 'Libre', '2026-03-24 16:14:30', 32),
(443, 'Libre', '2026-03-24 16:14:30', 33),
(444, 'Occupée', '2026-03-24 16:14:30', 34),
(445, 'Occupée', '2026-03-24 16:14:30', 35),
(446, 'Occupée', '2026-03-24 16:14:30', 36),
(447, 'Occupée', '2026-03-24 16:14:30', 37),
(448, 'Libre', '2026-03-24 16:14:30', 38),
(449, 'Occupée', '2026-03-24 16:14:30', 39),
(450, 'Occupée', '2026-03-24 16:14:30', 40),
(451, 'Libre', '2026-03-24 16:14:30', 41),
(452, 'Occupée', '2026-03-24 16:14:30', 42),
(453, 'Libre', '2026-03-24 16:14:30', 43),
(454, 'Occupée', '2026-03-24 16:14:30', 44),
(455, 'Libre', '2026-03-24 16:14:30', 45),
(456, 'Occupée', '2026-03-24 16:14:30', 46),
(457, 'Libre', '2026-03-24 16:14:30', 47),
(458, 'Occupée', '2026-03-24 16:14:31', 48),
(459, 'Libre', '2026-03-24 16:14:31', 49),
(460, 'Occupée', '2026-03-24 16:14:31', 50),
(461, 'Occupée', '2026-03-24 16:14:31', 51),
(462, 'Occupée', '2026-03-24 16:14:31', 52),
(463, 'Occupée', '2026-03-24 16:14:31', 53),
(464, 'Libre', '2026-03-24 16:14:31', 54),
(465, 'Occupée', '2026-03-24 16:14:31', 55),
(466, 'Occupée', '2026-03-24 16:14:31', 56),
(467, 'Libre', '2026-03-24 16:14:31', 57),
(468, 'Occupée', '2026-03-24 16:14:31', 58),
(469, 'Libre', '2026-03-24 16:14:31', 59),
(470, 'Occupée', '2026-03-24 16:14:31', 60),
(471, 'Libre', '2026-03-24 16:14:31', 61),
(472, 'Occupée', '2026-03-24 16:14:31', 62),
(473, 'Libre', '2026-03-24 16:14:31', 63),
(474, 'Occupée', '2026-03-24 16:14:31', 64),
(475, 'Libre', '2026-03-24 16:15:03', 1),
(476, 'Libre', '2026-03-24 16:15:03', 2),
(477, 'Occupée', '2026-03-24 16:15:03', 3),
(478, 'Libre', '2026-03-24 16:15:03', 4),
(479, 'Occupée', '2026-03-24 16:15:03', 5),
(480, 'Occupée', '2026-03-24 16:15:03', 6),
(481, 'Occupée', '2026-03-24 16:15:03', 7),
(482, 'Occupée', '2026-03-24 16:15:03', 8),
(483, 'Occupée', '2026-03-24 16:15:03', 9),
(484, 'Occupée', '2026-03-24 16:15:03', 10),
(485, 'Occupée', '2026-03-24 16:15:03', 11),
(486, 'Libre', '2026-03-24 16:15:03', 12),
(487, 'Libre', '2026-03-24 16:15:03', 13),
(488, 'Occupée', '2026-03-24 16:15:03', 14),
(489, 'Occupée', '2026-03-24 16:15:03', 15),
(490, 'Occupée', '2026-03-24 16:15:03', 16),
(491, 'Occupée', '2026-03-24 16:15:03', 17),
(492, 'Libre', '2026-03-24 16:15:03', 18),
(493, 'Occupée', '2026-03-24 16:15:03', 19),
(494, 'Occupée', '2026-03-24 16:15:03', 20),
(495, 'Libre', '2026-03-24 16:15:03', 21),
(496, 'Occupée', '2026-03-24 16:15:03', 22),
(497, 'Libre', '2026-03-24 16:15:03', 23),
(498, 'Libre', '2026-03-24 16:15:03', 24),
(499, 'Occupée', '2026-03-24 16:15:03', 25),
(500, 'Occupée', '2026-03-24 16:15:03', 26),
(501, 'Occupée', '2026-03-24 16:15:03', 27),
(502, 'Occupée', '2026-03-24 16:15:03', 28),
(503, 'Occupée', '2026-03-24 16:15:03', 29),
(504, 'Occupée', '2026-03-24 16:15:03', 30),
(505, 'Occupée', '2026-03-24 16:15:03', 31),
(506, 'Libre', '2026-03-24 16:15:03', 32),
(507, 'Libre', '2026-03-24 16:15:03', 33),
(508, 'Occupée', '2026-03-24 16:15:03', 34),
(509, 'Occupée', '2026-03-24 16:15:03', 35),
(510, 'Occupée', '2026-03-24 16:15:03', 36),
(511, 'Occupée', '2026-03-24 16:15:03', 37),
(512, 'Libre', '2026-03-24 16:15:03', 38),
(513, 'Occupée', '2026-03-24 16:15:03', 39),
(514, 'Occupée', '2026-03-24 16:15:03', 40),
(515, 'Libre', '2026-03-24 16:15:04', 41),
(516, 'Occupée', '2026-03-24 16:15:04', 42),
(517, 'Libre', '2026-03-24 16:15:04', 43),
(518, 'Occupée', '2026-03-24 16:15:04', 44),
(519, 'Libre', '2026-03-24 16:15:04', 45),
(520, 'Occupée', '2026-03-24 16:15:04', 46),
(521, 'Libre', '2026-03-24 16:15:04', 47),
(522, 'Occupée', '2026-03-24 16:15:04', 48),
(523, 'Libre', '2026-03-24 16:15:04', 49),
(524, 'Occupée', '2026-03-24 16:15:04', 50),
(525, 'Occupée', '2026-03-24 16:15:04', 51),
(526, 'Occupée', '2026-03-24 16:15:04', 52),
(527, 'Occupée', '2026-03-24 16:15:04', 53),
(528, 'Libre', '2026-03-24 16:15:04', 54),
(529, 'Occupée', '2026-03-24 16:15:04', 55),
(530, 'Occupée', '2026-03-24 16:15:04', 56),
(531, 'Libre', '2026-03-24 16:15:04', 57),
(532, 'Occupée', '2026-03-24 16:15:04', 58),
(533, 'Libre', '2026-03-24 16:15:04', 59),
(534, 'Occupée', '2026-03-24 16:15:04', 60),
(535, 'Libre', '2026-03-24 16:15:04', 61),
(536, 'Occupée', '2026-03-24 16:15:04', 62),
(537, 'Libre', '2026-03-24 16:15:04', 63),
(538, 'Occupée', '2026-03-24 16:15:04', 64),
(539, 'Libre', '2026-03-24 16:16:04', 1),
(540, 'Libre', '2026-03-24 16:16:04', 2),
(541, 'Occupée', '2026-03-24 16:16:04', 3),
(542, 'Libre', '2026-03-24 16:16:04', 4),
(543, 'Occupée', '2026-03-24 16:16:04', 5),
(544, 'Occupée', '2026-03-24 16:16:04', 6),
(545, 'Occupée', '2026-03-24 16:16:04', 7),
(546, 'Occupée', '2026-03-24 16:16:04', 8),
(547, 'Occupée', '2026-03-24 16:16:04', 9),
(548, 'Occupée', '2026-03-24 16:16:04', 10),
(549, 'Occupée', '2026-03-24 16:16:04', 11),
(550, 'Libre', '2026-03-24 16:16:04', 12),
(551, 'Libre', '2026-03-24 16:16:04', 13),
(552, 'Occupée', '2026-03-24 16:16:04', 14),
(553, 'Occupée', '2026-03-24 16:16:04', 15),
(554, 'Occupée', '2026-03-24 16:16:04', 16),
(555, 'Occupée', '2026-03-24 16:16:04', 17),
(556, 'Libre', '2026-03-24 16:16:04', 18),
(557, 'Occupée', '2026-03-24 16:16:04', 19),
(558, 'Occupée', '2026-03-24 16:16:04', 20),
(559, 'Libre', '2026-03-24 16:16:05', 21),
(560, 'Occupée', '2026-03-24 16:16:05', 22),
(561, 'Libre', '2026-03-24 16:16:05', 23),
(562, 'Libre', '2026-03-24 16:16:05', 24),
(563, 'Occupée', '2026-03-24 16:16:05', 25),
(564, 'Occupée', '2026-03-24 16:16:05', 26),
(565, 'Occupée', '2026-03-24 16:16:05', 27),
(566, 'Occupée', '2026-03-24 16:16:05', 28),
(567, 'Occupée', '2026-03-24 16:16:05', 29),
(568, 'Occupée', '2026-03-24 16:16:05', 30),
(569, 'Occupée', '2026-03-24 16:16:05', 31),
(570, 'Libre', '2026-03-24 16:16:05', 32),
(571, 'Libre', '2026-03-24 16:16:05', 33),
(572, 'Occupée', '2026-03-24 16:16:05', 34),
(573, 'Occupée', '2026-03-24 16:16:05', 35),
(574, 'Occupée', '2026-03-24 16:16:05', 36),
(575, 'Occupée', '2026-03-24 16:16:05', 37),
(576, 'Libre', '2026-03-24 16:16:05', 38),
(577, 'Occupée', '2026-03-24 16:16:05', 39),
(578, 'Occupée', '2026-03-24 16:16:05', 40),
(579, 'Libre', '2026-03-24 16:16:05', 41),
(580, 'Occupée', '2026-03-24 16:16:05', 42),
(581, 'Libre', '2026-03-24 16:16:05', 43),
(582, 'Occupée', '2026-03-24 16:16:05', 44),
(583, 'Libre', '2026-03-24 16:16:05', 45),
(584, 'Occupée', '2026-03-24 16:16:05', 46),
(585, 'Libre', '2026-03-24 16:16:05', 47),
(586, 'Occupée', '2026-03-24 16:16:05', 48),
(587, 'Libre', '2026-03-24 16:16:05', 49),
(588, 'Occupée', '2026-03-24 16:16:05', 50),
(589, 'Occupée', '2026-03-24 16:16:05', 51),
(590, 'Occupée', '2026-03-24 16:16:05', 52),
(591, 'Occupée', '2026-03-24 16:16:05', 53),
(592, 'Libre', '2026-03-24 16:16:05', 54),
(593, 'Occupée', '2026-03-24 16:16:05', 55),
(594, 'Occupée', '2026-03-24 16:16:05', 56),
(595, 'Libre', '2026-03-24 16:16:05', 57),
(596, 'Occupée', '2026-03-24 16:16:05', 58),
(597, 'Libre', '2026-03-24 16:16:05', 59),
(598, 'Occupée', '2026-03-24 16:16:05', 60),
(599, 'Libre', '2026-03-24 16:16:05', 61),
(600, 'Occupée', '2026-03-24 16:16:05', 62),
(601, 'Libre', '2026-03-24 16:16:05', 63),
(602, 'Occupée', '2026-03-24 16:16:05', 64),
(603, 'Libre', '2026-03-24 16:16:12', 1),
(604, 'Libre', '2026-03-24 16:16:12', 2),
(605, 'Occupée', '2026-03-24 16:16:12', 3),
(606, 'Libre', '2026-03-24 16:16:12', 4),
(607, 'Occupée', '2026-03-24 16:16:12', 5),
(608, 'Occupée', '2026-03-24 16:16:12', 6),
(609, 'Occupée', '2026-03-24 16:16:12', 7),
(610, 'Occupée', '2026-03-24 16:16:12', 8),
(611, 'Occupée', '2026-03-24 16:16:12', 9),
(612, 'Occupée', '2026-03-24 16:16:12', 10),
(613, 'Occupée', '2026-03-24 16:16:12', 11),
(614, 'Libre', '2026-03-24 16:16:12', 12),
(615, 'Libre', '2026-03-24 16:16:12', 13),
(616, 'Occupée', '2026-03-24 16:16:12', 14),
(617, 'Occupée', '2026-03-24 16:16:12', 15),
(618, 'Occupée', '2026-03-24 16:16:12', 16),
(619, 'Occupée', '2026-03-24 16:16:12', 17),
(620, 'Libre', '2026-03-24 16:16:12', 18),
(621, 'Occupée', '2026-03-24 16:16:12', 19),
(622, 'Occupée', '2026-03-24 16:16:12', 20),
(623, 'Libre', '2026-03-24 16:16:12', 21),
(624, 'Occupée', '2026-03-24 16:16:12', 22),
(625, 'Libre', '2026-03-24 16:16:12', 23),
(626, 'Libre', '2026-03-24 16:16:12', 24),
(627, 'Occupée', '2026-03-24 16:16:12', 25),
(628, 'Occupée', '2026-03-24 16:16:12', 26),
(629, 'Occupée', '2026-03-24 16:16:12', 27),
(630, 'Occupée', '2026-03-24 16:16:12', 28),
(631, 'Occupée', '2026-03-24 16:16:12', 29),
(632, 'Occupée', '2026-03-24 16:16:12', 30),
(633, 'Occupée', '2026-03-24 16:16:13', 31),
(634, 'Libre', '2026-03-24 16:16:13', 32),
(635, 'Libre', '2026-03-24 16:16:13', 33),
(636, 'Occupée', '2026-03-24 16:16:13', 34),
(637, 'Occupée', '2026-03-24 16:16:13', 35),
(638, 'Occupée', '2026-03-24 16:16:13', 36),
(639, 'Occupée', '2026-03-24 16:16:13', 37),
(640, 'Libre', '2026-03-24 16:16:13', 38),
(641, 'Occupée', '2026-03-24 16:16:13', 39),
(642, 'Occupée', '2026-03-24 16:16:13', 40),
(643, 'Libre', '2026-03-24 16:16:13', 41),
(644, 'Occupée', '2026-03-24 16:16:13', 42),
(645, 'Libre', '2026-03-24 16:16:13', 43),
(646, 'Occupée', '2026-03-24 16:16:13', 44),
(647, 'Libre', '2026-03-24 16:16:13', 45),
(648, 'Occupée', '2026-03-24 16:16:13', 46),
(649, 'Libre', '2026-03-24 16:16:13', 47),
(650, 'Occupée', '2026-03-24 16:16:13', 48),
(651, 'Libre', '2026-03-24 16:16:13', 49),
(652, 'Occupée', '2026-03-24 16:16:13', 50),
(653, 'Occupée', '2026-03-24 16:16:13', 51),
(654, 'Occupée', '2026-03-24 16:16:13', 52),
(655, 'Occupée', '2026-03-24 16:16:13', 53),
(656, 'Libre', '2026-03-24 16:16:13', 54),
(657, 'Occupée', '2026-03-24 16:16:13', 55),
(658, 'Occupée', '2026-03-24 16:16:13', 56),
(659, 'Libre', '2026-03-24 16:16:13', 57),
(660, 'Occupée', '2026-03-24 16:16:13', 58),
(661, 'Libre', '2026-03-24 16:16:13', 59),
(662, 'Occupée', '2026-03-24 16:16:13', 60),
(663, 'Libre', '2026-03-24 16:16:13', 61),
(664, 'Occupée', '2026-03-24 16:16:13', 62),
(665, 'Libre', '2026-03-24 16:16:13', 63),
(666, 'Occupée', '2026-03-24 16:16:13', 64),
(667, 'Occupée', '2026-03-24 16:17:13', 1),
(668, 'Libre', '2026-03-24 16:17:13', 2),
(669, 'Occupée', '2026-03-24 16:17:13', 3),
(670, 'Libre', '2026-03-24 16:17:13', 4),
(671, 'Occupée', '2026-03-24 16:17:13', 5),
(672, 'Occupée', '2026-03-24 16:17:13', 6),
(673, 'Occupée', '2026-03-24 16:17:13', 7),
(674, 'Occupée', '2026-03-24 16:17:13', 8),
(675, 'Occupée', '2026-03-24 16:17:14', 9),
(676, 'Occupée', '2026-03-24 16:17:14', 10),
(677, 'Occupée', '2026-03-24 16:17:14', 11),
(678, 'Libre', '2026-03-24 16:17:14', 12),
(679, 'Libre', '2026-03-24 16:17:14', 13),
(680, 'Occupée', '2026-03-24 16:17:14', 14),
(681, 'Occupée', '2026-03-24 16:17:14', 15),
(682, 'Occupée', '2026-03-24 16:17:14', 16),
(683, 'Occupée', '2026-03-24 16:17:14', 17),
(684, 'Libre', '2026-03-24 16:17:14', 18),
(685, 'Occupée', '2026-03-24 16:17:14', 19),
(686, 'Occupée', '2026-03-24 16:17:14', 20),
(687, 'Libre', '2026-03-24 16:17:14', 21),
(688, 'Occupée', '2026-03-24 16:17:14', 22),
(689, 'Libre', '2026-03-24 16:17:14', 23),
(690, 'Libre', '2026-03-24 16:17:14', 24),
(691, 'Occupée', '2026-03-24 16:17:14', 25),
(692, 'Occupée', '2026-03-24 16:17:14', 26),
(693, 'Occupée', '2026-03-24 16:17:14', 27),
(694, 'Occupée', '2026-03-24 16:17:14', 28),
(695, 'Occupée', '2026-03-24 16:17:14', 29),
(696, 'Occupée', '2026-03-24 16:17:14', 30),
(697, 'Occupée', '2026-03-24 16:17:14', 31),
(698, 'Libre', '2026-03-24 16:17:14', 32),
(699, 'Libre', '2026-03-24 16:17:14', 33),
(700, 'Occupée', '2026-03-24 16:17:14', 34),
(701, 'Occupée', '2026-03-24 16:17:14', 35),
(702, 'Occupée', '2026-03-24 16:17:14', 36),
(703, 'Occupée', '2026-03-24 16:17:14', 37),
(704, 'Libre', '2026-03-24 16:17:14', 38),
(705, 'Occupée', '2026-03-24 16:17:14', 39),
(706, 'Occupée', '2026-03-24 16:17:14', 40),
(707, 'Libre', '2026-03-24 16:17:14', 41),
(708, 'Occupée', '2026-03-24 16:17:14', 42),
(709, 'Libre', '2026-03-24 16:17:14', 43),
(710, 'Occupée', '2026-03-24 16:17:14', 44),
(711, 'Libre', '2026-03-24 16:17:14', 45),
(712, 'Occupée', '2026-03-24 16:17:14', 46),
(713, 'Libre', '2026-03-24 16:17:14', 47),
(714, 'Occupée', '2026-03-24 16:17:14', 48),
(715, 'Libre', '2026-03-24 16:17:14', 49),
(716, 'Occupée', '2026-03-24 16:17:14', 50),
(717, 'Occupée', '2026-03-24 16:17:14', 51),
(718, 'Occupée', '2026-03-24 16:17:14', 52),
(719, 'Occupée', '2026-03-24 16:17:14', 53),
(720, 'Libre', '2026-03-24 16:17:14', 54),
(721, 'Occupée', '2026-03-24 16:17:14', 55),
(722, 'Occupée', '2026-03-24 16:17:15', 56),
(723, 'Libre', '2026-03-24 16:17:15', 57),
(724, 'Occupée', '2026-03-24 16:17:15', 58),
(725, 'Libre', '2026-03-24 16:17:15', 59),
(726, 'Occupée', '2026-03-24 16:17:15', 60),
(727, 'Libre', '2026-03-24 16:17:15', 61),
(728, 'Occupée', '2026-03-24 16:17:15', 62),
(729, 'Libre', '2026-03-24 16:17:15', 63),
(730, 'Occupée', '2026-03-24 16:17:15', 64),
(731, 'Occupée', '2026-03-24 16:18:15', 1),
(732, 'Libre', '2026-03-24 16:18:15', 2),
(733, 'Occupée', '2026-03-24 16:18:15', 3),
(734, 'Libre', '2026-03-24 16:18:15', 4),
(735, 'Occupée', '2026-03-24 16:18:15', 5),
(736, 'Occupée', '2026-03-24 16:18:15', 6),
(737, 'Occupée', '2026-03-24 16:18:15', 7),
(738, 'Occupée', '2026-03-24 16:18:15', 8),
(739, 'Occupée', '2026-03-24 16:18:15', 9),
(740, 'Occupée', '2026-03-24 16:18:15', 10),
(741, 'Occupée', '2026-03-24 16:18:15', 11),
(742, 'Libre', '2026-03-24 16:18:15', 12),
(743, 'Libre', '2026-03-24 16:18:15', 13),
(744, 'Occupée', '2026-03-24 16:18:15', 14),
(745, 'Occupée', '2026-03-24 16:18:15', 15),
(746, 'Occupée', '2026-03-24 16:18:15', 16),
(747, 'Occupée', '2026-03-24 16:18:15', 17),
(748, 'Libre', '2026-03-24 16:18:15', 18),
(749, 'Occupée', '2026-03-24 16:18:15', 19),
(750, 'Occupée', '2026-03-24 16:18:15', 20),
(751, 'Libre', '2026-03-24 16:18:15', 21),
(752, 'Occupée', '2026-03-24 16:18:15', 22),
(753, 'Libre', '2026-03-24 16:18:15', 23),
(754, 'Libre', '2026-03-24 16:18:15', 24),
(755, 'Occupée', '2026-03-24 16:18:15', 25),
(756, 'Occupée', '2026-03-24 16:18:15', 26),
(757, 'Occupée', '2026-03-24 16:18:15', 27),
(758, 'Occupée', '2026-03-24 16:18:15', 28),
(759, 'Occupée', '2026-03-24 16:18:15', 29),
(760, 'Occupée', '2026-03-24 16:18:15', 30),
(761, 'Occupée', '2026-03-24 16:18:15', 31),
(762, 'Libre', '2026-03-24 16:18:15', 32),
(763, 'Libre', '2026-03-24 16:18:15', 33),
(764, 'Occupée', '2026-03-24 16:18:15', 34),
(765, 'Occupée', '2026-03-24 16:18:15', 35),
(766, 'Occupée', '2026-03-24 16:18:15', 36),
(767, 'Occupée', '2026-03-24 16:18:15', 37),
(768, 'Libre', '2026-03-24 16:18:15', 38),
(769, 'Occupée', '2026-03-24 16:18:16', 39),
(770, 'Occupée', '2026-03-24 16:18:16', 40),
(771, 'Libre', '2026-03-24 16:18:16', 41),
(772, 'Occupée', '2026-03-24 16:18:16', 42),
(773, 'Libre', '2026-03-24 16:18:16', 43),
(774, 'Occupée', '2026-03-24 16:18:16', 44),
(775, 'Libre', '2026-03-24 16:18:16', 45),
(776, 'Occupée', '2026-03-24 16:18:16', 46),
(777, 'Libre', '2026-03-24 16:18:16', 47),
(778, 'Occupée', '2026-03-24 16:18:16', 48),
(779, 'Libre', '2026-03-24 16:18:16', 49),
(780, 'Occupée', '2026-03-24 16:18:16', 50),
(781, 'Occupée', '2026-03-24 16:18:16', 51),
(782, 'Occupée', '2026-03-24 16:18:16', 52),
(783, 'Occupée', '2026-03-24 16:18:16', 53),
(784, 'Libre', '2026-03-24 16:18:16', 54),
(785, 'Occupée', '2026-03-24 16:18:16', 55),
(786, 'Occupée', '2026-03-24 16:18:16', 56),
(787, 'Libre', '2026-03-24 16:18:16', 57),
(788, 'Occupée', '2026-03-24 16:18:16', 58),
(789, 'Libre', '2026-03-24 16:18:16', 59),
(790, 'Occupée', '2026-03-24 16:18:16', 60),
(791, 'Libre', '2026-03-24 16:18:16', 61),
(792, 'Occupée', '2026-03-24 16:18:16', 62),
(793, 'Libre', '2026-03-24 16:18:16', 63),
(794, 'Occupée', '2026-03-24 16:18:16', 64),
(795, 'Occupée', '2026-03-24 16:19:16', 1),
(796, 'Libre', '2026-03-24 16:19:16', 2),
(797, 'Occupée', '2026-03-24 16:19:16', 3),
(798, 'Libre', '2026-03-24 16:19:16', 4),
(799, 'Occupée', '2026-03-24 16:19:16', 5),
(800, 'Occupée', '2026-03-24 16:19:16', 6),
(801, 'Occupée', '2026-03-24 16:19:16', 7),
(802, 'Occupée', '2026-03-24 16:19:16', 8),
(803, 'Occupée', '2026-03-24 16:19:16', 9),
(804, 'Occupée', '2026-03-24 16:19:16', 10),
(805, 'Occupée', '2026-03-24 16:19:16', 11),
(806, 'Libre', '2026-03-24 16:19:16', 12),
(807, 'Libre', '2026-03-24 16:19:16', 13),
(808, 'Occupée', '2026-03-24 16:19:16', 14),
(809, 'Occupée', '2026-03-24 16:19:16', 15),
(810, 'Occupée', '2026-03-24 16:19:16', 16),
(811, 'Occupée', '2026-03-24 16:19:16', 17),
(812, 'Libre', '2026-03-24 16:19:16', 18),
(813, 'Occupée', '2026-03-24 16:19:17', 19),
(814, 'Occupée', '2026-03-24 16:19:17', 20),
(815, 'Libre', '2026-03-24 16:19:17', 21),
(816, 'Occupée', '2026-03-24 16:19:17', 22),
(817, 'Libre', '2026-03-24 16:19:17', 23),
(818, 'Libre', '2026-03-24 16:19:17', 24),
(819, 'Occupée', '2026-03-24 16:19:17', 25),
(820, 'Occupée', '2026-03-24 16:19:17', 26),
(821, 'Occupée', '2026-03-24 16:19:17', 27),
(822, 'Occupée', '2026-03-24 16:19:17', 28),
(823, 'Occupée', '2026-03-24 16:19:17', 29),
(824, 'Occupée', '2026-03-24 16:19:17', 30),
(825, 'Occupée', '2026-03-24 16:19:17', 31),
(826, 'Libre', '2026-03-24 16:19:17', 32),
(827, 'Libre', '2026-03-24 16:19:17', 33),
(828, 'Occupée', '2026-03-24 16:19:17', 34),
(829, 'Occupée', '2026-03-24 16:19:17', 35),
(830, 'Occupée', '2026-03-24 16:19:17', 36),
(831, 'Occupée', '2026-03-24 16:19:17', 37),
(832, 'Libre', '2026-03-24 16:19:17', 38),
(833, 'Occupée', '2026-03-24 16:19:17', 39),
(834, 'Occupée', '2026-03-24 16:19:17', 40),
(835, 'Libre', '2026-03-24 16:19:17', 41),
(836, 'Occupée', '2026-03-24 16:19:17', 42),
(837, 'Libre', '2026-03-24 16:19:17', 43),
(838, 'Occupée', '2026-03-24 16:19:17', 44),
(839, 'Libre', '2026-03-24 16:19:17', 45),
(840, 'Occupée', '2026-03-24 16:19:17', 46),
(841, 'Libre', '2026-03-24 16:19:17', 47),
(842, 'Occupée', '2026-03-24 16:19:17', 48),
(843, 'Libre', '2026-03-24 16:19:17', 49),
(844, 'Occupée', '2026-03-24 16:19:17', 50),
(845, 'Occupée', '2026-03-24 16:19:17', 51),
(846, 'Occupée', '2026-03-24 16:19:17', 52),
(847, 'Occupée', '2026-03-24 16:19:17', 53),
(848, 'Libre', '2026-03-24 16:19:17', 54),
(849, 'Occupée', '2026-03-24 16:19:17', 55),
(850, 'Occupée', '2026-03-24 16:19:17', 56),
(851, 'Libre', '2026-03-24 16:19:17', 57),
(852, 'Occupée', '2026-03-24 16:19:17', 58),
(853, 'Libre', '2026-03-24 16:19:17', 59),
(854, 'Occupée', '2026-03-24 16:19:17', 60),
(855, 'Libre', '2026-03-24 16:19:17', 61),
(856, 'Occupée', '2026-03-24 16:19:17', 62),
(857, 'Libre', '2026-03-24 16:19:17', 63),
(858, 'Occupée', '2026-03-24 16:19:18', 64),
(859, 'Occupée', '2026-03-24 16:20:18', 1),
(860, 'Libre', '2026-03-24 16:20:18', 2),
(861, 'Occupée', '2026-03-24 16:20:18', 3),
(862, 'Libre', '2026-03-24 16:20:18', 4),
(863, 'Occupée', '2026-03-24 16:20:18', 5),
(864, 'Occupée', '2026-03-24 16:20:18', 6),
(865, 'Occupée', '2026-03-24 16:20:18', 7),
(866, 'Occupée', '2026-03-24 16:20:18', 8),
(867, 'Occupée', '2026-03-24 16:20:18', 9),
(868, 'Occupée', '2026-03-24 16:20:18', 10),
(869, 'Occupée', '2026-03-24 16:20:18', 11),
(870, 'Libre', '2026-03-24 16:20:18', 12),
(871, 'Libre', '2026-03-24 16:20:18', 13),
(872, 'Occupée', '2026-03-24 16:20:18', 14),
(873, 'Occupée', '2026-03-24 16:20:18', 15),
(874, 'Occupée', '2026-03-24 16:20:18', 16),
(875, 'Occupée', '2026-03-24 16:20:18', 17),
(876, 'Libre', '2026-03-24 16:20:18', 18),
(877, 'Occupée', '2026-03-24 16:20:18', 19),
(878, 'Occupée', '2026-03-24 16:20:18', 20),
(879, 'Libre', '2026-03-24 16:20:18', 21),
(880, 'Occupée', '2026-03-24 16:20:18', 22),
(881, 'Libre', '2026-03-24 16:20:18', 23),
(882, 'Libre', '2026-03-24 16:20:18', 24),
(883, 'Occupée', '2026-03-24 16:20:18', 25),
(884, 'Occupée', '2026-03-24 16:20:18', 26),
(885, 'Occupée', '2026-03-24 16:20:18', 27),
(886, 'Occupée', '2026-03-24 16:20:18', 28),
(887, 'Occupée', '2026-03-24 16:20:18', 29),
(888, 'Occupée', '2026-03-24 16:20:18', 30),
(889, 'Occupée', '2026-03-24 16:20:18', 31),
(890, 'Libre', '2026-03-24 16:20:18', 32),
(891, 'Libre', '2026-03-24 16:20:18', 33),
(892, 'Occupée', '2026-03-24 16:20:18', 34),
(893, 'Occupée', '2026-03-24 16:20:18', 35),
(894, 'Occupée', '2026-03-24 16:20:18', 36),
(895, 'Occupée', '2026-03-24 16:20:18', 37),
(896, 'Libre', '2026-03-24 16:20:18', 38),
(897, 'Occupée', '2026-03-24 16:20:18', 39),
(898, 'Occupée', '2026-03-24 16:20:18', 40),
(899, 'Libre', '2026-03-24 16:20:18', 41),
(900, 'Occupée', '2026-03-24 16:20:18', 42),
(901, 'Libre', '2026-03-24 16:20:19', 43),
(902, 'Occupée', '2026-03-24 16:20:19', 44),
(903, 'Libre', '2026-03-24 16:20:19', 45),
(904, 'Occupée', '2026-03-24 16:20:19', 46),
(905, 'Libre', '2026-03-24 16:20:19', 47),
(906, 'Occupée', '2026-03-24 16:20:19', 48),
(907, 'Libre', '2026-03-24 16:20:19', 49),
(908, 'Occupée', '2026-03-24 16:20:19', 50),
(909, 'Occupée', '2026-03-24 16:20:19', 51),
(910, 'Occupée', '2026-03-24 16:20:19', 52),
(911, 'Occupée', '2026-03-24 16:20:19', 53),
(912, 'Libre', '2026-03-24 16:20:19', 54),
(913, 'Occupée', '2026-03-24 16:20:19', 55),
(914, 'Occupée', '2026-03-24 16:20:19', 56),
(915, 'Libre', '2026-03-24 16:20:19', 57),
(916, 'Occupée', '2026-03-24 16:20:19', 58),
(917, 'Libre', '2026-03-24 16:20:19', 59),
(918, 'Occupée', '2026-03-24 16:20:19', 60),
(919, 'Libre', '2026-03-24 16:20:19', 61),
(920, 'Occupée', '2026-03-24 16:20:19', 62),
(921, 'Libre', '2026-03-24 16:20:19', 63),
(922, 'Occupée', '2026-03-24 16:20:19', 64),
(923, 'Occupée', '2026-03-24 16:21:19', 1),
(924, 'Libre', '2026-03-24 16:21:19', 2),
(925, 'Occupée', '2026-03-24 16:21:19', 3),
(926, 'Libre', '2026-03-24 16:21:19', 4),
(927, 'Occupée', '2026-03-24 16:21:19', 5),
(928, 'Occupée', '2026-03-24 16:21:19', 6),
(929, 'Occupée', '2026-03-24 16:21:19', 7),
(930, 'Occupée', '2026-03-24 16:21:19', 8),
(931, 'Occupée', '2026-03-24 16:21:19', 9),
(932, 'Occupée', '2026-03-24 16:21:19', 10),
(933, 'Occupée', '2026-03-24 16:21:19', 11),
(934, 'Libre', '2026-03-24 16:21:19', 12),
(935, 'Libre', '2026-03-24 16:21:19', 13),
(936, 'Occupée', '2026-03-24 16:21:19', 14),
(937, 'Occupée', '2026-03-24 16:21:19', 15),
(938, 'Occupée', '2026-03-24 16:21:19', 16),
(939, 'Occupée', '2026-03-24 16:21:19', 17),
(940, 'Libre', '2026-03-24 16:21:19', 18),
(941, 'Occupée', '2026-03-24 16:21:19', 19),
(942, 'Occupée', '2026-03-24 16:21:19', 20),
(943, 'Libre', '2026-03-24 16:21:19', 21),
(944, 'Occupée', '2026-03-24 16:21:20', 22),
(945, 'Libre', '2026-03-24 16:21:20', 23),
(946, 'Libre', '2026-03-24 16:21:20', 24),
(947, 'Occupée', '2026-03-24 16:21:20', 25),
(948, 'Occupée', '2026-03-24 16:21:20', 26),
(949, 'Occupée', '2026-03-24 16:21:20', 27),
(950, 'Occupée', '2026-03-24 16:21:20', 28),
(951, 'Occupée', '2026-03-24 16:21:20', 29),
(952, 'Occupée', '2026-03-24 16:21:20', 30),
(953, 'Occupée', '2026-03-24 16:21:20', 31),
(954, 'Libre', '2026-03-24 16:21:20', 32),
(955, 'Libre', '2026-03-24 16:21:20', 33),
(956, 'Occupée', '2026-03-24 16:21:20', 34),
(957, 'Occupée', '2026-03-24 16:21:20', 35),
(958, 'Occupée', '2026-03-24 16:21:20', 36),
(959, 'Occupée', '2026-03-24 16:21:20', 37),
(960, 'Libre', '2026-03-24 16:21:20', 38),
(961, 'Occupée', '2026-03-24 16:21:20', 39),
(962, 'Occupée', '2026-03-24 16:21:20', 40),
(963, 'Libre', '2026-03-24 16:21:20', 41),
(964, 'Occupée', '2026-03-24 16:21:20', 42),
(965, 'Libre', '2026-03-24 16:21:20', 43),
(966, 'Occupée', '2026-03-24 16:21:20', 44),
(967, 'Libre', '2026-03-24 16:21:20', 45),
(968, 'Occupée', '2026-03-24 16:21:20', 46),
(969, 'Libre', '2026-03-24 16:21:20', 47),
(970, 'Occupée', '2026-03-24 16:21:20', 48),
(971, 'Libre', '2026-03-24 16:21:20', 49),
(972, 'Occupée', '2026-03-24 16:21:20', 50),
(973, 'Occupée', '2026-03-24 16:21:20', 51),
(974, 'Occupée', '2026-03-24 16:21:20', 52),
(975, 'Occupée', '2026-03-24 16:21:20', 53),
(976, 'Libre', '2026-03-24 16:21:20', 54),
(977, 'Occupée', '2026-03-24 16:21:20', 55),
(978, 'Occupée', '2026-03-24 16:21:20', 56),
(979, 'Libre', '2026-03-24 16:21:20', 57),
(980, 'Occupée', '2026-03-24 16:21:20', 58),
(981, 'Libre', '2026-03-24 16:21:20', 59),
(982, 'Occupée', '2026-03-24 16:21:20', 60),
(983, 'Libre', '2026-03-24 16:21:20', 61),
(984, 'Occupée', '2026-03-24 16:21:20', 62),
(985, 'Libre', '2026-03-24 16:21:20', 63),
(986, 'Occupée', '2026-03-24 16:21:20', 64),
(987, 'Occupée', '2026-03-24 16:22:21', 1),
(988, 'Libre', '2026-03-24 16:22:21', 2),
(989, 'Occupée', '2026-03-24 16:22:21', 3),
(990, 'Libre', '2026-03-24 16:22:21', 4),
(991, 'Occupée', '2026-03-24 16:22:21', 5),
(992, 'Occupée', '2026-03-24 16:22:21', 6),
(993, 'Occupée', '2026-03-24 16:22:21', 7),
(994, 'Occupée', '2026-03-24 16:22:21', 8),
(995, 'Occupée', '2026-03-24 16:22:21', 9),
(996, 'Occupée', '2026-03-24 16:22:21', 10),
(997, 'Occupée', '2026-03-24 16:22:21', 11),
(998, 'Libre', '2026-03-24 16:22:21', 12),
(999, 'Libre', '2026-03-24 16:22:21', 13),
(1000, 'Occupée', '2026-03-24 16:22:21', 14),
(1001, 'Occupée', '2026-03-24 16:22:21', 15),
(1002, 'Occupée', '2026-03-24 16:22:21', 16),
(1003, 'Occupée', '2026-03-24 16:22:21', 17),
(1004, 'Libre', '2026-03-24 16:22:21', 18),
(1005, 'Occupée', '2026-03-24 16:22:21', 19),
(1006, 'Occupée', '2026-03-24 16:22:21', 20),
(1007, 'Libre', '2026-03-24 16:22:21', 21),
(1008, 'Occupée', '2026-03-24 16:22:21', 22),
(1009, 'Libre', '2026-03-24 16:22:21', 23),
(1010, 'Libre', '2026-03-24 16:22:21', 24),
(1011, 'Occupée', '2026-03-24 16:22:21', 25),
(1012, 'Occupée', '2026-03-24 16:22:21', 26),
(1013, 'Occupée', '2026-03-24 16:22:21', 27),
(1014, 'Occupée', '2026-03-24 16:22:21', 28),
(1015, 'Occupée', '2026-03-24 16:22:21', 29),
(1016, 'Occupée', '2026-03-24 16:22:21', 30),
(1017, 'Occupée', '2026-03-24 16:22:21', 31),
(1018, 'Libre', '2026-03-24 16:22:21', 32),
(1019, 'Libre', '2026-03-24 16:22:21', 33),
(1020, 'Occupée', '2026-03-24 16:22:21', 34),
(1021, 'Occupée', '2026-03-24 16:22:21', 35),
(1022, 'Occupée', '2026-03-24 16:22:21', 36),
(1023, 'Occupée', '2026-03-24 16:22:21', 37),
(1024, 'Libre', '2026-03-24 16:22:21', 38),
(1025, 'Occupée', '2026-03-24 16:22:21', 39),
(1026, 'Occupée', '2026-03-24 16:22:21', 40),
(1027, 'Libre', '2026-03-24 16:22:21', 41),
(1028, 'Occupée', '2026-03-24 16:22:21', 42),
(1029, 'Libre', '2026-03-24 16:22:21', 43),
(1030, 'Occupée', '2026-03-24 16:22:21', 44),
(1031, 'Libre', '2026-03-24 16:22:21', 45),
(1032, 'Occupée', '2026-03-24 16:22:21', 46),
(1033, 'Libre', '2026-03-24 16:22:22', 47),
(1034, 'Occupée', '2026-03-24 16:22:22', 48),
(1035, 'Libre', '2026-03-24 16:22:22', 49),
(1036, 'Occupée', '2026-03-24 16:22:22', 50),
(1037, 'Occupée', '2026-03-24 16:22:22', 51),
(1038, 'Occupée', '2026-03-24 16:22:22', 52),
(1039, 'Occupée', '2026-03-24 16:22:22', 53),
(1040, 'Libre', '2026-03-24 16:22:22', 54),
(1041, 'Occupée', '2026-03-24 16:22:22', 55),
(1042, 'Occupée', '2026-03-24 16:22:22', 56),
(1043, 'Libre', '2026-03-24 16:22:22', 57),
(1044, 'Occupée', '2026-03-24 16:22:22', 58),
(1045, 'Libre', '2026-03-24 16:22:22', 59),
(1046, 'Occupée', '2026-03-24 16:22:22', 60),
(1047, 'Libre', '2026-03-24 16:22:22', 61),
(1048, 'Occupée', '2026-03-24 16:22:22', 62),
(1049, 'Libre', '2026-03-24 16:22:22', 63),
(1050, 'Occupée', '2026-03-24 16:22:22', 64),
(1051, 'Occupée', '2026-03-24 16:23:22', 1),
(1052, 'Libre', '2026-03-24 16:23:22', 2),
(1053, 'Occupée', '2026-03-24 16:23:22', 3),
(1054, 'Libre', '2026-03-24 16:23:22', 4),
(1055, 'Occupée', '2026-03-24 16:23:22', 5),
(1056, 'Occupée', '2026-03-24 16:23:22', 6),
(1057, 'Occupée', '2026-03-24 16:23:22', 7),
(1058, 'Occupée', '2026-03-24 16:23:22', 8),
(1059, 'Occupée', '2026-03-24 16:23:22', 9),
(1060, 'Occupée', '2026-03-24 16:23:22', 10),
(1061, 'Occupée', '2026-03-24 16:23:22', 11),
(1062, 'Libre', '2026-03-24 16:23:22', 12),
(1063, 'Libre', '2026-03-24 16:23:22', 13),
(1064, 'Occupée', '2026-03-24 16:23:22', 14),
(1065, 'Occupée', '2026-03-24 16:23:22', 15),
(1066, 'Occupée', '2026-03-24 16:23:22', 16),
(1067, 'Occupée', '2026-03-24 16:23:22', 17),
(1068, 'Libre', '2026-03-24 16:23:22', 18),
(1069, 'Occupée', '2026-03-24 16:23:22', 19),
(1070, 'Occupée', '2026-03-24 16:23:22', 20),
(1071, 'Libre', '2026-03-24 16:23:22', 21),
(1072, 'Occupée', '2026-03-24 16:23:22', 22),
(1073, 'Libre', '2026-03-24 16:23:22', 23),
(1074, 'Libre', '2026-03-24 16:23:22', 24),
(1075, 'Occupée', '2026-03-24 16:23:23', 25),
(1076, 'Occupée', '2026-03-24 16:23:23', 26),
(1077, 'Occupée', '2026-03-24 16:23:23', 27),
(1078, 'Occupée', '2026-03-24 16:23:23', 28),
(1079, 'Occupée', '2026-03-24 16:23:23', 29),
(1080, 'Occupée', '2026-03-24 16:23:23', 30),
(1081, 'Occupée', '2026-03-24 16:23:23', 31),
(1082, 'Libre', '2026-03-24 16:23:23', 32),
(1083, 'Libre', '2026-03-24 16:23:23', 33),
(1084, 'Occupée', '2026-03-24 16:23:23', 34),
(1085, 'Occupée', '2026-03-24 16:23:23', 35),
(1086, 'Occupée', '2026-03-24 16:23:23', 36),
(1087, 'Occupée', '2026-03-24 16:23:23', 37),
(1088, 'Libre', '2026-03-24 16:23:23', 38),
(1089, 'Occupée', '2026-03-24 16:23:23', 39),
(1090, 'Occupée', '2026-03-24 16:23:23', 40),
(1091, 'Libre', '2026-03-24 16:23:23', 41),
(1092, 'Occupée', '2026-03-24 16:23:23', 42),
(1093, 'Libre', '2026-03-24 16:23:23', 43),
(1094, 'Occupée', '2026-03-24 16:23:23', 44),
(1095, 'Libre', '2026-03-24 16:23:23', 45),
(1096, 'Occupée', '2026-03-24 16:23:23', 46),
(1097, 'Libre', '2026-03-24 16:23:23', 47),
(1098, 'Occupée', '2026-03-24 16:23:23', 48),
(1099, 'Libre', '2026-03-24 16:23:23', 49),
(1100, 'Occupée', '2026-03-24 16:23:23', 50),
(1101, 'Occupée', '2026-03-24 16:23:23', 51),
(1102, 'Occupée', '2026-03-24 16:23:23', 52),
(1103, 'Occupée', '2026-03-24 16:23:23', 53),
(1104, 'Libre', '2026-03-24 16:23:23', 54),
(1105, 'Occupée', '2026-03-24 16:23:23', 55),
(1106, 'Occupée', '2026-03-24 16:23:23', 56),
(1107, 'Libre', '2026-03-24 16:23:23', 57),
(1108, 'Occupée', '2026-03-24 16:23:23', 58),
(1109, 'Libre', '2026-03-24 16:23:23', 59),
(1110, 'Occupée', '2026-03-24 16:23:23', 60),
(1111, 'Libre', '2026-03-24 16:23:23', 61),
(1112, 'Occupée', '2026-03-24 16:23:23', 62),
(1113, 'Libre', '2026-03-24 16:23:23', 63),
(1114, 'Occupée', '2026-03-24 16:23:23', 64),
(1115, 'Occupée', '2026-03-24 16:24:23', 1),
(1116, 'Libre', '2026-03-24 16:24:24', 2),
(1117, 'Occupée', '2026-03-24 16:24:24', 3),
(1118, 'Libre', '2026-03-24 16:24:24', 4),
(1119, 'Occupée', '2026-03-24 16:24:24', 5),
(1120, 'Occupée', '2026-03-24 16:24:24', 6),
(1121, 'Occupée', '2026-03-24 16:24:24', 7),
(1122, 'Occupée', '2026-03-24 16:24:24', 8),
(1123, 'Occupée', '2026-03-24 16:24:24', 9),
(1124, 'Occupée', '2026-03-24 16:24:24', 10),
(1125, 'Occupée', '2026-03-24 16:24:24', 11),
(1126, 'Libre', '2026-03-24 16:24:24', 12),
(1127, 'Libre', '2026-03-24 16:24:24', 13),
(1128, 'Occupée', '2026-03-24 16:24:24', 14),
(1129, 'Occupée', '2026-03-24 16:24:24', 15),
(1130, 'Occupée', '2026-03-24 16:24:24', 16),
(1131, 'Occupée', '2026-03-24 16:24:24', 17),
(1132, 'Libre', '2026-03-24 16:24:24', 18),
(1133, 'Occupée', '2026-03-24 16:24:24', 19),
(1134, 'Occupée', '2026-03-24 16:24:24', 20),
(1135, 'Libre', '2026-03-24 16:24:24', 21),
(1136, 'Occupée', '2026-03-24 16:24:24', 22),
(1137, 'Libre', '2026-03-24 16:24:24', 23),
(1138, 'Libre', '2026-03-24 16:24:24', 24),
(1139, 'Occupée', '2026-03-24 16:24:24', 25),
(1140, 'Occupée', '2026-03-24 16:24:24', 26),
(1141, 'Occupée', '2026-03-24 16:24:24', 27),
(1142, 'Occupée', '2026-03-24 16:24:24', 28),
(1143, 'Occupée', '2026-03-24 16:24:24', 29),
(1144, 'Occupée', '2026-03-24 16:24:24', 30),
(1145, 'Occupée', '2026-03-24 16:24:24', 31),
(1146, 'Libre', '2026-03-24 16:24:24', 32),
(1147, 'Libre', '2026-03-24 16:24:24', 33),
(1148, 'Occupée', '2026-03-24 16:24:24', 34),
(1149, 'Occupée', '2026-03-24 16:24:24', 35),
(1150, 'Occupée', '2026-03-24 16:24:24', 36),
(1151, 'Occupée', '2026-03-24 16:24:24', 37),
(1152, 'Libre', '2026-03-24 16:24:24', 38),
(1153, 'Occupée', '2026-03-24 16:24:24', 39),
(1154, 'Occupée', '2026-03-24 16:24:24', 40),
(1155, 'Libre', '2026-03-24 16:24:24', 41),
(1156, 'Occupée', '2026-03-24 16:24:24', 42),
(1157, 'Libre', '2026-03-24 16:24:24', 43),
(1158, 'Occupée', '2026-03-24 16:24:24', 44),
(1159, 'Libre', '2026-03-24 16:24:25', 45),
(1160, 'Occupée', '2026-03-24 16:24:25', 46),
(1161, 'Libre', '2026-03-24 16:24:25', 47),
(1162, 'Occupée', '2026-03-24 16:24:25', 48),
(1163, 'Libre', '2026-03-24 16:24:25', 49),
(1164, 'Occupée', '2026-03-24 16:24:25', 50),
(1165, 'Occupée', '2026-03-24 16:24:25', 51),
(1166, 'Occupée', '2026-03-24 16:24:25', 52),
(1167, 'Occupée', '2026-03-24 16:24:25', 53),
(1168, 'Libre', '2026-03-24 16:24:25', 54),
(1169, 'Occupée', '2026-03-24 16:24:25', 55),
(1170, 'Occupée', '2026-03-24 16:24:25', 56),
(1171, 'Libre', '2026-03-24 16:24:25', 57),
(1172, 'Occupée', '2026-03-24 16:24:25', 58),
(1173, 'Libre', '2026-03-24 16:24:25', 59),
(1174, 'Occupée', '2026-03-24 16:24:25', 60),
(1175, 'Libre', '2026-03-24 16:24:25', 61),
(1176, 'Occupée', '2026-03-24 16:24:25', 62),
(1177, 'Libre', '2026-03-24 16:24:25', 63),
(1178, 'Occupée', '2026-03-24 16:24:25', 64),
(1179, 'Occupée', '2026-03-24 16:25:25', 1),
(1180, 'Libre', '2026-03-24 16:25:25', 2),
(1181, 'Occupée', '2026-03-24 16:25:25', 3),
(1182, 'Libre', '2026-03-24 16:25:25', 4),
(1183, 'Occupée', '2026-03-24 16:25:25', 5),
(1184, 'Occupée', '2026-03-24 16:25:25', 6),
(1185, 'Occupée', '2026-03-24 16:25:25', 7),
(1186, 'Occupée', '2026-03-24 16:25:25', 8),
(1187, 'Occupée', '2026-03-24 16:25:25', 9),
(1188, 'Occupée', '2026-03-24 16:25:25', 10),
(1189, 'Occupée', '2026-03-24 16:25:25', 11),
(1190, 'Libre', '2026-03-24 16:25:25', 12),
(1191, 'Libre', '2026-03-24 16:25:25', 13),
(1192, 'Occupée', '2026-03-24 16:25:25', 14),
(1193, 'Occupée', '2026-03-24 16:25:25', 15),
(1194, 'Occupée', '2026-03-24 16:25:25', 16),
(1195, 'Occupée', '2026-03-24 16:25:25', 17),
(1196, 'Libre', '2026-03-24 16:25:25', 18),
(1197, 'Occupée', '2026-03-24 16:25:26', 19),
(1198, 'Occupée', '2026-03-24 16:25:26', 20),
(1199, 'Libre', '2026-03-24 16:25:26', 21),
(1200, 'Occupée', '2026-03-24 16:25:26', 22),
(1201, 'Libre', '2026-03-24 16:25:26', 23),
(1202, 'Libre', '2026-03-24 16:25:26', 24),
(1203, 'Occupée', '2026-03-24 16:25:26', 25),
(1204, 'Occupée', '2026-03-24 16:25:26', 26),
(1205, 'Occupée', '2026-03-24 16:25:26', 27),
(1206, 'Occupée', '2026-03-24 16:25:26', 28),
(1207, 'Occupée', '2026-03-24 16:25:26', 29),
(1208, 'Occupée', '2026-03-24 16:25:26', 30),
(1209, 'Occupée', '2026-03-24 16:25:26', 31),
(1210, 'Libre', '2026-03-24 16:25:26', 32),
(1211, 'Libre', '2026-03-24 16:25:26', 33),
(1212, 'Occupée', '2026-03-24 16:25:26', 34),
(1213, 'Occupée', '2026-03-24 16:25:26', 35),
(1214, 'Occupée', '2026-03-24 16:25:26', 36),
(1215, 'Occupée', '2026-03-24 16:25:26', 37),
(1216, 'Libre', '2026-03-24 16:25:26', 38),
(1217, 'Occupée', '2026-03-24 16:25:26', 39),
(1218, 'Occupée', '2026-03-24 16:25:26', 40),
(1219, 'Libre', '2026-03-24 16:25:26', 41),
(1220, 'Occupée', '2026-03-24 16:25:26', 42),
(1221, 'Libre', '2026-03-24 16:25:26', 43),
(1222, 'Occupée', '2026-03-24 16:25:26', 44);
INSERT INTO `etat` (`id`, `etat`, `date_heure`, `id_capteur`) VALUES
(1223, 'Libre', '2026-03-24 16:25:26', 45),
(1224, 'Occupée', '2026-03-24 16:25:26', 46),
(1225, 'Libre', '2026-03-24 16:25:26', 47),
(1226, 'Occupée', '2026-03-24 16:25:26', 48),
(1227, 'Libre', '2026-03-24 16:25:26', 49),
(1228, 'Occupée', '2026-03-24 16:25:26', 50),
(1229, 'Occupée', '2026-03-24 16:25:26', 51),
(1230, 'Occupée', '2026-03-24 16:25:26', 52),
(1231, 'Occupée', '2026-03-24 16:25:26', 53),
(1232, 'Libre', '2026-03-24 16:25:26', 54),
(1233, 'Occupée', '2026-03-24 16:25:26', 55),
(1234, 'Occupée', '2026-03-24 16:25:26', 56),
(1235, 'Libre', '2026-03-24 16:25:26', 57),
(1236, 'Occupée', '2026-03-24 16:25:26', 58),
(1237, 'Libre', '2026-03-24 16:25:26', 59),
(1238, 'Occupée', '2026-03-24 16:25:26', 60),
(1239, 'Libre', '2026-03-24 16:25:26', 61),
(1240, 'Occupée', '2026-03-24 16:25:26', 62),
(1241, 'Libre', '2026-03-24 16:25:26', 63),
(1242, 'Occupée', '2026-03-24 16:25:27', 64),
(1243, 'Occupée', '2026-03-24 16:26:27', 1),
(1244, 'Libre', '2026-03-24 16:26:27', 2),
(1245, 'Occupée', '2026-03-24 16:26:27', 3),
(1246, 'Libre', '2026-03-24 16:26:27', 4),
(1247, 'Occupée', '2026-03-24 16:26:27', 5),
(1248, 'Occupée', '2026-03-24 16:26:27', 6),
(1249, 'Occupée', '2026-03-24 16:26:27', 7),
(1250, 'Occupée', '2026-03-24 16:26:27', 8),
(1251, 'Occupée', '2026-03-24 16:26:27', 9),
(1252, 'Occupée', '2026-03-24 16:26:27', 10),
(1253, 'Occupée', '2026-03-24 16:26:27', 11),
(1254, 'Libre', '2026-03-24 16:26:27', 12),
(1255, 'Libre', '2026-03-24 16:26:27', 13),
(1256, 'Occupée', '2026-03-24 16:26:27', 14),
(1257, 'Occupée', '2026-03-24 16:26:27', 15),
(1258, 'Occupée', '2026-03-24 16:26:27', 16),
(1259, 'Occupée', '2026-03-24 16:26:27', 17),
(1260, 'Libre', '2026-03-24 16:26:27', 18),
(1261, 'Occupée', '2026-03-24 16:26:27', 19),
(1262, 'Occupée', '2026-03-24 16:26:27', 20),
(1263, 'Libre', '2026-03-24 16:26:27', 21),
(1264, 'Occupée', '2026-03-24 16:26:27', 22),
(1265, 'Libre', '2026-03-24 16:26:27', 23),
(1266, 'Libre', '2026-03-24 16:26:27', 24),
(1267, 'Occupée', '2026-03-24 16:26:27', 25),
(1268, 'Occupée', '2026-03-24 16:26:27', 26),
(1269, 'Occupée', '2026-03-24 16:26:27', 27),
(1270, 'Occupée', '2026-03-24 16:26:27', 28),
(1271, 'Occupée', '2026-03-24 16:26:27', 29),
(1272, 'Occupée', '2026-03-24 16:26:27', 30),
(1273, 'Occupée', '2026-03-24 16:26:27', 31),
(1274, 'Libre', '2026-03-24 16:26:27', 32),
(1275, 'Libre', '2026-03-24 16:26:27', 33),
(1276, 'Occupée', '2026-03-24 16:26:27', 34),
(1277, 'Occupée', '2026-03-24 16:26:27', 35),
(1278, 'Occupée', '2026-03-24 16:26:27', 36),
(1279, 'Occupée', '2026-03-24 16:26:27', 37),
(1280, 'Libre', '2026-03-24 16:26:27', 38),
(1281, 'Occupée', '2026-03-24 16:26:27', 39),
(1282, 'Occupée', '2026-03-24 16:26:27', 40),
(1283, 'Libre', '2026-03-24 16:26:27', 41),
(1284, 'Occupée', '2026-03-24 16:26:27', 42),
(1285, 'Libre', '2026-03-24 16:26:27', 43),
(1286, 'Occupée', '2026-03-24 16:26:28', 44),
(1287, 'Libre', '2026-03-24 16:26:28', 45),
(1288, 'Occupée', '2026-03-24 16:26:28', 46),
(1289, 'Libre', '2026-03-24 16:26:28', 47),
(1290, 'Occupée', '2026-03-24 16:26:28', 48),
(1291, 'Libre', '2026-03-24 16:26:28', 49),
(1292, 'Occupée', '2026-03-24 16:26:28', 50),
(1293, 'Occupée', '2026-03-24 16:26:28', 51),
(1294, 'Occupée', '2026-03-24 16:26:28', 52),
(1295, 'Occupée', '2026-03-24 16:26:28', 53),
(1296, 'Libre', '2026-03-24 16:26:28', 54),
(1297, 'Occupée', '2026-03-24 16:26:28', 55),
(1298, 'Occupée', '2026-03-24 16:26:28', 56),
(1299, 'Libre', '2026-03-24 16:26:28', 57),
(1300, 'Occupée', '2026-03-24 16:26:28', 58),
(1301, 'Libre', '2026-03-24 16:26:28', 59),
(1302, 'Occupée', '2026-03-24 16:26:28', 60),
(1303, 'Libre', '2026-03-24 16:26:28', 61),
(1304, 'Occupée', '2026-03-24 16:26:28', 62),
(1305, 'Libre', '2026-03-24 16:26:28', 63),
(1306, 'Occupée', '2026-03-24 16:26:28', 64),
(1307, 'Occupée', '2026-03-24 16:27:28', 1),
(1308, 'Libre', '2026-03-24 16:27:28', 2),
(1309, 'Occupée', '2026-03-24 16:27:28', 3),
(1310, 'Libre', '2026-03-24 16:27:28', 4),
(1311, 'Occupée', '2026-03-24 16:27:28', 5),
(1312, 'Occupée', '2026-03-24 16:27:28', 6),
(1313, 'Occupée', '2026-03-24 16:27:28', 7),
(1314, 'Occupée', '2026-03-24 16:27:28', 8),
(1315, 'Occupée', '2026-03-24 16:27:28', 9),
(1316, 'Occupée', '2026-03-24 16:27:30', 10),
(1317, 'Occupée', '2026-03-24 16:27:30', 11),
(1318, 'Libre', '2026-03-24 16:27:30', 12),
(1319, 'Libre', '2026-03-24 16:27:30', 13),
(1320, 'Occupée', '2026-03-24 16:27:30', 14),
(1321, 'Occupée', '2026-03-24 16:27:30', 15),
(1322, 'Occupée', '2026-03-24 16:27:30', 16),
(1323, 'Occupée', '2026-03-24 16:27:30', 17),
(1324, 'Libre', '2026-03-24 16:27:30', 18),
(1325, 'Occupée', '2026-03-24 16:27:30', 19),
(1326, 'Occupée', '2026-03-24 16:27:30', 20),
(1327, 'Libre', '2026-03-24 16:27:30', 21),
(1328, 'Occupée', '2026-03-24 16:27:30', 22),
(1329, 'Libre', '2026-03-24 16:27:30', 23),
(1330, 'Libre', '2026-03-24 16:27:30', 24),
(1331, 'Occupée', '2026-03-24 16:27:30', 25),
(1332, 'Occupée', '2026-03-24 16:27:30', 26),
(1333, 'Occupée', '2026-03-24 16:27:30', 27),
(1334, 'Occupée', '2026-03-24 16:27:30', 28),
(1335, 'Occupée', '2026-03-24 16:27:30', 29),
(1336, 'Occupée', '2026-03-24 16:27:30', 30),
(1337, 'Occupée', '2026-03-24 16:27:30', 31),
(1338, 'Libre', '2026-03-24 16:27:30', 32),
(1339, 'Libre', '2026-03-24 16:27:30', 33),
(1340, 'Occupée', '2026-03-24 16:27:30', 34),
(1341, 'Occupée', '2026-03-24 16:27:30', 35),
(1342, 'Occupée', '2026-03-24 16:27:30', 36),
(1343, 'Occupée', '2026-03-24 16:27:30', 37),
(1344, 'Libre', '2026-03-24 16:27:30', 38),
(1345, 'Occupée', '2026-03-24 16:27:30', 39),
(1346, 'Occupée', '2026-03-24 16:27:30', 40),
(1347, 'Libre', '2026-03-24 16:27:30', 41),
(1348, 'Occupée', '2026-03-24 16:27:30', 42),
(1349, 'Libre', '2026-03-24 16:27:30', 43),
(1350, 'Occupée', '2026-03-24 16:27:30', 44),
(1351, 'Libre', '2026-03-24 16:27:30', 45),
(1352, 'Occupée', '2026-03-24 16:27:30', 46),
(1353, 'Libre', '2026-03-24 16:27:31', 47),
(1354, 'Occupée', '2026-03-24 16:27:31', 48),
(1355, 'Libre', '2026-03-24 16:27:31', 49),
(1356, 'Occupée', '2026-03-24 16:27:31', 50),
(1357, 'Occupée', '2026-03-24 16:27:31', 51),
(1358, 'Occupée', '2026-03-24 16:27:31', 52),
(1359, 'Occupée', '2026-03-24 16:27:31', 53),
(1360, 'Libre', '2026-03-24 16:27:31', 54),
(1361, 'Occupée', '2026-03-24 16:27:31', 55),
(1362, 'Occupée', '2026-03-24 16:27:31', 56),
(1363, 'Libre', '2026-03-24 16:27:31', 57),
(1364, 'Occupée', '2026-03-24 16:27:31', 58),
(1365, 'Libre', '2026-03-24 16:27:31', 59),
(1366, 'Occupée', '2026-03-24 16:27:31', 60),
(1367, 'Libre', '2026-03-24 16:27:31', 61),
(1368, 'Occupée', '2026-03-24 16:27:31', 62),
(1369, 'Libre', '2026-03-24 16:27:31', 63),
(1370, 'Occupée', '2026-03-24 16:27:31', 64),
(1371, 'Occupée', '2026-03-24 16:28:31', 1),
(1372, 'Libre', '2026-03-24 16:28:31', 2),
(1373, 'Occupée', '2026-03-24 16:28:31', 3),
(1374, 'Libre', '2026-03-24 16:28:31', 4),
(1375, 'Occupée', '2026-03-24 16:28:31', 5),
(1376, 'Occupée', '2026-03-24 16:28:31', 6),
(1377, 'Occupée', '2026-03-24 16:28:31', 7),
(1378, 'Occupée', '2026-03-24 16:28:31', 8),
(1379, 'Occupée', '2026-03-24 16:28:31', 9),
(1380, 'Occupée', '2026-03-24 16:28:31', 10),
(1381, 'Occupée', '2026-03-24 16:28:31', 11),
(1382, 'Libre', '2026-03-24 16:28:31', 12),
(1383, 'Libre', '2026-03-24 16:28:31', 13),
(1384, 'Occupée', '2026-03-24 16:28:31', 14),
(1385, 'Occupée', '2026-03-24 16:28:31', 15),
(1386, 'Occupée', '2026-03-24 16:28:31', 16),
(1387, 'Occupée', '2026-03-24 16:28:31', 17),
(1388, 'Libre', '2026-03-24 16:28:31', 18),
(1389, 'Occupée', '2026-03-24 16:28:31', 19),
(1390, 'Occupée', '2026-03-24 16:28:31', 20),
(1391, 'Libre', '2026-03-24 16:28:31', 21),
(1392, 'Occupée', '2026-03-24 16:28:31', 22),
(1393, 'Libre', '2026-03-24 16:28:31', 23),
(1394, 'Libre', '2026-03-24 16:28:31', 24),
(1395, 'Occupée', '2026-03-24 16:28:31', 25),
(1396, 'Occupée', '2026-03-24 16:28:31', 26),
(1397, 'Occupée', '2026-03-24 16:28:31', 27),
(1398, 'Occupée', '2026-03-24 16:28:31', 28),
(1399, 'Occupée', '2026-03-24 16:28:32', 29),
(1400, 'Occupée', '2026-03-24 16:28:32', 30),
(1401, 'Occupée', '2026-03-24 16:28:32', 31),
(1402, 'Libre', '2026-03-24 16:28:32', 32),
(1403, 'Libre', '2026-03-24 16:28:32', 33),
(1404, 'Occupée', '2026-03-24 16:28:32', 34),
(1405, 'Occupée', '2026-03-24 16:28:32', 35),
(1406, 'Occupée', '2026-03-24 16:28:32', 36),
(1407, 'Occupée', '2026-03-24 16:28:32', 37),
(1408, 'Libre', '2026-03-24 16:28:32', 38),
(1409, 'Occupée', '2026-03-24 16:28:32', 39),
(1410, 'Occupée', '2026-03-24 16:28:32', 40),
(1411, 'Libre', '2026-03-24 16:28:32', 41),
(1412, 'Occupée', '2026-03-24 16:28:32', 42),
(1413, 'Libre', '2026-03-24 16:28:32', 43),
(1414, 'Occupée', '2026-03-24 16:28:32', 44),
(1415, 'Libre', '2026-03-24 16:28:32', 45),
(1416, 'Occupée', '2026-03-24 16:28:32', 46),
(1417, 'Libre', '2026-03-24 16:28:32', 47),
(1418, 'Occupée', '2026-03-24 16:28:32', 48),
(1419, 'Libre', '2026-03-24 16:28:32', 49),
(1420, 'Occupée', '2026-03-24 16:28:32', 50),
(1421, 'Occupée', '2026-03-24 16:28:32', 51),
(1422, 'Occupée', '2026-03-24 16:28:32', 52),
(1423, 'Occupée', '2026-03-24 16:28:32', 53),
(1424, 'Libre', '2026-03-24 16:28:32', 54),
(1425, 'Occupée', '2026-03-24 16:28:32', 55),
(1426, 'Occupée', '2026-03-24 16:28:32', 56),
(1427, 'Libre', '2026-03-24 16:28:32', 57),
(1428, 'Occupée', '2026-03-24 16:28:32', 58),
(1429, 'Libre', '2026-03-24 16:28:32', 59),
(1430, 'Occupée', '2026-03-24 16:28:32', 60),
(1431, 'Libre', '2026-03-24 16:28:32', 61),
(1432, 'Occupée', '2026-03-24 16:28:32', 62),
(1433, 'Libre', '2026-03-24 16:28:32', 63),
(1434, 'Occupée', '2026-03-24 16:28:32', 64),
(1435, 'Occupée', '2026-03-24 16:29:32', 1),
(1436, 'Libre', '2026-03-24 16:29:32', 2),
(1437, 'Occupée', '2026-03-24 16:29:32', 3),
(1438, 'Libre', '2026-03-24 16:29:32', 4),
(1439, 'Occupée', '2026-03-24 16:29:32', 5),
(1440, 'Occupée', '2026-03-24 16:29:32', 6),
(1441, 'Occupée', '2026-03-24 16:29:32', 7),
(1442, 'Occupée', '2026-03-24 16:29:32', 8),
(1443, 'Occupée', '2026-03-24 16:29:32', 9),
(1444, 'Occupée', '2026-03-24 16:29:33', 10),
(1445, 'Occupée', '2026-03-24 16:29:33', 11),
(1446, 'Libre', '2026-03-24 16:29:33', 12),
(1447, 'Libre', '2026-03-24 16:29:33', 13),
(1448, 'Occupée', '2026-03-24 16:29:33', 14),
(1449, 'Occupée', '2026-03-24 16:29:33', 15),
(1450, 'Occupée', '2026-03-24 16:29:33', 16),
(1451, 'Occupée', '2026-03-24 16:29:33', 17),
(1452, 'Libre', '2026-03-24 16:29:33', 18),
(1453, 'Occupée', '2026-03-24 16:29:33', 19),
(1454, 'Occupée', '2026-03-24 16:29:33', 20),
(1455, 'Libre', '2026-03-24 16:29:33', 21),
(1456, 'Occupée', '2026-03-24 16:29:33', 22),
(1457, 'Libre', '2026-03-24 16:29:33', 23),
(1458, 'Libre', '2026-03-24 16:29:33', 24),
(1459, 'Occupée', '2026-03-24 16:29:33', 25),
(1460, 'Occupée', '2026-03-24 16:29:33', 26),
(1461, 'Occupée', '2026-03-24 16:29:33', 27),
(1462, 'Occupée', '2026-03-24 16:29:33', 28),
(1463, 'Occupée', '2026-03-24 16:29:33', 29),
(1464, 'Occupée', '2026-03-24 16:29:33', 30),
(1465, 'Occupée', '2026-03-24 16:29:33', 31),
(1466, 'Libre', '2026-03-24 16:29:33', 32),
(1467, 'Libre', '2026-03-24 16:29:33', 33),
(1468, 'Occupée', '2026-03-24 16:29:33', 34),
(1469, 'Occupée', '2026-03-24 16:29:33', 35),
(1470, 'Occupée', '2026-03-24 16:29:33', 36),
(1471, 'Occupée', '2026-03-24 16:29:33', 37),
(1472, 'Libre', '2026-03-24 16:29:33', 38),
(1473, 'Occupée', '2026-03-24 16:29:33', 39),
(1474, 'Occupée', '2026-03-24 16:29:33', 40),
(1475, 'Libre', '2026-03-24 16:29:33', 41),
(1476, 'Occupée', '2026-03-24 16:29:33', 42),
(1477, 'Libre', '2026-03-24 16:29:33', 43),
(1478, 'Occupée', '2026-03-24 16:29:33', 44),
(1479, 'Libre', '2026-03-24 16:29:33', 45),
(1480, 'Occupée', '2026-03-24 16:29:33', 46),
(1481, 'Libre', '2026-03-24 16:29:33', 47),
(1482, 'Occupée', '2026-03-24 16:29:33', 48),
(1483, 'Libre', '2026-03-24 16:29:33', 49),
(1484, 'Occupée', '2026-03-24 16:29:33', 50),
(1485, 'Occupée', '2026-03-24 16:29:33', 51),
(1486, 'Occupée', '2026-03-24 16:29:33', 52),
(1487, 'Occupée', '2026-03-24 16:29:33', 53),
(1488, 'Libre', '2026-03-24 16:29:33', 54),
(1489, 'Occupée', '2026-03-24 16:29:33', 55),
(1490, 'Occupée', '2026-03-24 16:29:34', 56),
(1491, 'Libre', '2026-03-24 16:29:34', 57),
(1492, 'Occupée', '2026-03-24 16:29:34', 58),
(1493, 'Libre', '2026-03-24 16:29:34', 59),
(1494, 'Occupée', '2026-03-24 16:29:34', 60),
(1495, 'Libre', '2026-03-24 16:29:34', 61),
(1496, 'Occupée', '2026-03-24 16:29:34', 62),
(1497, 'Libre', '2026-03-24 16:29:34', 63),
(1498, 'Occupée', '2026-03-24 16:29:34', 64),
(1499, 'Occupée', '2026-03-24 16:30:34', 1),
(1500, 'Libre', '2026-03-24 16:30:34', 2),
(1501, 'Occupée', '2026-03-24 16:30:34', 3),
(1502, 'Libre', '2026-03-24 16:30:34', 4),
(1503, 'Occupée', '2026-03-24 16:30:34', 5),
(1504, 'Occupée', '2026-03-24 16:30:34', 6),
(1505, 'Occupée', '2026-03-24 16:30:34', 7),
(1506, 'Occupée', '2026-03-24 16:30:34', 8),
(1507, 'Occupée', '2026-03-24 16:30:34', 9),
(1508, 'Occupée', '2026-03-24 16:30:34', 10),
(1509, 'Occupée', '2026-03-24 16:30:34', 11),
(1510, 'Libre', '2026-03-24 16:30:34', 12),
(1511, 'Libre', '2026-03-24 16:30:34', 13),
(1512, 'Occupée', '2026-03-24 16:30:34', 14),
(1513, 'Occupée', '2026-03-24 16:30:34', 15),
(1514, 'Occupée', '2026-03-24 16:30:34', 16),
(1515, 'Occupée', '2026-03-24 16:30:34', 17),
(1516, 'Libre', '2026-03-24 16:30:34', 18),
(1517, 'Occupée', '2026-03-24 16:30:34', 19),
(1518, 'Occupée', '2026-03-24 16:30:34', 20),
(1519, 'Libre', '2026-03-24 16:30:34', 21),
(1520, 'Occupée', '2026-03-24 16:30:34', 22),
(1521, 'Libre', '2026-03-24 16:30:34', 23),
(1522, 'Libre', '2026-03-24 16:30:34', 24),
(1523, 'Occupée', '2026-03-24 16:30:34', 25),
(1524, 'Occupée', '2026-03-24 16:30:34', 26),
(1525, 'Occupée', '2026-03-24 16:30:34', 27),
(1526, 'Occupée', '2026-03-24 16:30:34', 28),
(1527, 'Occupée', '2026-03-24 16:30:34', 29),
(1528, 'Occupée', '2026-03-24 16:30:34', 30),
(1529, 'Occupée', '2026-03-24 16:30:35', 31),
(1530, 'Libre', '2026-03-24 16:30:35', 32),
(1531, 'Libre', '2026-03-24 16:30:35', 33),
(1532, 'Occupée', '2026-03-24 16:30:35', 34),
(1533, 'Occupée', '2026-03-24 16:30:35', 35),
(1534, 'Occupée', '2026-03-24 16:30:35', 36),
(1535, 'Occupée', '2026-03-24 16:30:35', 37),
(1536, 'Libre', '2026-03-24 16:30:35', 38),
(1537, 'Occupée', '2026-03-24 16:30:35', 39),
(1538, 'Occupée', '2026-03-24 16:30:35', 40),
(1539, 'Libre', '2026-03-24 16:30:35', 41),
(1540, 'Occupée', '2026-03-24 16:30:35', 42),
(1541, 'Libre', '2026-03-24 16:30:35', 43),
(1542, 'Occupée', '2026-03-24 16:30:35', 44),
(1543, 'Libre', '2026-03-24 16:30:35', 45),
(1544, 'Occupée', '2026-03-24 16:30:35', 46),
(1545, 'Libre', '2026-03-24 16:30:35', 47),
(1546, 'Occupée', '2026-03-24 16:30:35', 48),
(1547, 'Libre', '2026-03-24 16:30:35', 49),
(1548, 'Occupée', '2026-03-24 16:30:35', 50),
(1549, 'Occupée', '2026-03-24 16:30:35', 51),
(1550, 'Occupée', '2026-03-24 16:30:35', 52),
(1551, 'Occupée', '2026-03-24 16:30:35', 53),
(1552, 'Libre', '2026-03-24 16:30:35', 54),
(1553, 'Occupée', '2026-03-24 16:30:35', 55),
(1554, 'Occupée', '2026-03-24 16:30:35', 56),
(1555, 'Libre', '2026-03-24 16:30:35', 57),
(1556, 'Occupée', '2026-03-24 16:30:35', 58),
(1557, 'Libre', '2026-03-24 16:30:35', 59),
(1558, 'Occupée', '2026-03-24 16:30:35', 60),
(1559, 'Libre', '2026-03-24 16:30:35', 61),
(1560, 'Occupée', '2026-03-24 16:30:35', 62),
(1561, 'Libre', '2026-03-24 16:30:35', 63),
(1562, 'Occupée', '2026-03-24 16:30:35', 64),
(1563, 'Occupée', '2026-03-24 16:31:35', 1),
(1564, 'Libre', '2026-03-24 16:31:35', 2),
(1565, 'Occupée', '2026-03-24 16:31:35', 3),
(1566, 'Libre', '2026-03-24 16:31:35', 4),
(1567, 'Occupée', '2026-03-24 16:31:35', 5),
(1568, 'Occupée', '2026-03-24 16:31:35', 6),
(1569, 'Occupée', '2026-03-24 16:31:35', 7),
(1570, 'Occupée', '2026-03-24 16:31:35', 8),
(1571, 'Occupée', '2026-03-24 16:31:35', 9),
(1572, 'Occupée', '2026-03-24 16:31:35', 10),
(1573, 'Occupée', '2026-03-24 16:31:35', 11),
(1574, 'Libre', '2026-03-24 16:31:36', 12),
(1575, 'Libre', '2026-03-24 16:31:36', 13),
(1576, 'Occupée', '2026-03-24 16:31:36', 14),
(1577, 'Occupée', '2026-03-24 16:31:36', 15),
(1578, 'Occupée', '2026-03-24 16:31:36', 16),
(1579, 'Occupée', '2026-03-24 16:31:36', 17),
(1580, 'Libre', '2026-03-24 16:31:36', 18),
(1581, 'Occupée', '2026-03-24 16:31:36', 19),
(1582, 'Occupée', '2026-03-24 16:31:36', 20),
(1583, 'Libre', '2026-03-24 16:31:36', 21),
(1584, 'Occupée', '2026-03-24 16:31:36', 22),
(1585, 'Libre', '2026-03-24 16:31:36', 23),
(1586, 'Libre', '2026-03-24 16:31:36', 24),
(1587, 'Occupée', '2026-03-24 16:31:36', 25),
(1588, 'Occupée', '2026-03-24 16:31:36', 26),
(1589, 'Occupée', '2026-03-24 16:31:36', 27),
(1590, 'Occupée', '2026-03-24 16:31:36', 28),
(1591, 'Occupée', '2026-03-24 16:31:36', 29),
(1592, 'Occupée', '2026-03-24 16:31:36', 30),
(1593, 'Occupée', '2026-03-24 16:31:36', 31),
(1594, 'Libre', '2026-03-24 16:31:36', 32),
(1595, 'Libre', '2026-03-24 16:31:36', 33),
(1596, 'Occupée', '2026-03-24 16:31:36', 34),
(1597, 'Occupée', '2026-03-24 16:31:36', 35),
(1598, 'Occupée', '2026-03-24 16:31:36', 36),
(1599, 'Occupée', '2026-03-24 16:31:36', 37),
(1600, 'Libre', '2026-03-24 16:31:36', 38),
(1601, 'Occupée', '2026-03-24 16:31:36', 39),
(1602, 'Occupée', '2026-03-24 16:31:36', 40),
(1603, 'Libre', '2026-03-24 16:31:36', 41),
(1604, 'Occupée', '2026-03-24 16:31:36', 42),
(1605, 'Libre', '2026-03-24 16:31:36', 43),
(1606, 'Occupée', '2026-03-24 16:31:36', 44),
(1607, 'Libre', '2026-03-24 16:31:36', 45),
(1608, 'Occupée', '2026-03-24 16:31:36', 46),
(1609, 'Libre', '2026-03-24 16:31:36', 47),
(1610, 'Occupée', '2026-03-24 16:31:36', 48),
(1611, 'Libre', '2026-03-24 16:31:36', 49),
(1612, 'Occupée', '2026-03-24 16:31:36', 50),
(1613, 'Occupée', '2026-03-24 16:31:36', 51),
(1614, 'Occupée', '2026-03-24 16:31:36', 52),
(1615, 'Occupée', '2026-03-24 16:31:36', 53),
(1616, 'Libre', '2026-03-24 16:31:36', 54),
(1617, 'Occupée', '2026-03-24 16:31:36', 55),
(1618, 'Occupée', '2026-03-24 16:31:37', 56),
(1619, 'Libre', '2026-03-24 16:31:37', 57),
(1620, 'Occupée', '2026-03-24 16:31:37', 58),
(1621, 'Libre', '2026-03-24 16:31:37', 59),
(1622, 'Occupée', '2026-03-24 16:31:37', 60),
(1623, 'Libre', '2026-03-24 16:31:37', 61),
(1624, 'Occupée', '2026-03-24 16:31:37', 62),
(1625, 'Libre', '2026-03-24 16:31:37', 63),
(1626, 'Occupée', '2026-03-24 16:31:37', 64),
(1627, 'Occupée', '2026-03-24 16:32:37', 1),
(1628, 'Libre', '2026-03-24 16:32:37', 2),
(1629, 'Occupée', '2026-03-24 16:32:37', 3),
(1630, 'Libre', '2026-03-24 16:32:37', 4),
(1631, 'Occupée', '2026-03-24 16:32:37', 5),
(1632, 'Occupée', '2026-03-24 16:32:37', 6),
(1633, 'Occupée', '2026-03-24 16:32:37', 7),
(1634, 'Occupée', '2026-03-24 16:32:37', 8),
(1635, 'Occupée', '2026-03-24 16:32:37', 9),
(1636, 'Occupée', '2026-03-24 16:32:37', 10),
(1637, 'Occupée', '2026-03-24 16:32:37', 11),
(1638, 'Libre', '2026-03-24 16:32:37', 12),
(1639, 'Libre', '2026-03-24 16:32:37', 13),
(1640, 'Occupée', '2026-03-24 16:32:37', 14),
(1641, 'Occupée', '2026-03-24 16:32:37', 15),
(1642, 'Occupée', '2026-03-24 16:32:37', 16),
(1643, 'Occupée', '2026-03-24 16:32:37', 17),
(1644, 'Libre', '2026-03-24 16:32:37', 18),
(1645, 'Occupée', '2026-03-24 16:32:37', 19),
(1646, 'Occupée', '2026-03-24 16:32:37', 20),
(1647, 'Libre', '2026-03-24 16:32:37', 21),
(1648, 'Occupée', '2026-03-24 16:32:37', 22),
(1649, 'Libre', '2026-03-24 16:32:37', 23),
(1650, 'Libre', '2026-03-24 16:32:37', 24),
(1651, 'Occupée', '2026-03-24 16:32:37', 25),
(1652, 'Occupée', '2026-03-24 16:32:37', 26),
(1653, 'Occupée', '2026-03-24 16:32:37', 27),
(1654, 'Occupée', '2026-03-24 16:32:37', 28),
(1655, 'Occupée', '2026-03-24 16:32:37', 29),
(1656, 'Occupée', '2026-03-24 16:32:37', 30),
(1657, 'Occupée', '2026-03-24 16:32:37', 31),
(1658, 'Libre', '2026-03-24 16:32:37', 32),
(1659, 'Libre', '2026-03-24 16:32:37', 33),
(1660, 'Occupée', '2026-03-24 16:32:37', 34),
(1661, 'Occupée', '2026-03-24 16:32:37', 35),
(1662, 'Occupée', '2026-03-24 16:32:38', 36),
(1663, 'Occupée', '2026-03-24 16:32:38', 37),
(1664, 'Libre', '2026-03-24 16:32:38', 38),
(1665, 'Occupée', '2026-03-24 16:32:38', 39),
(1666, 'Occupée', '2026-03-24 16:32:38', 40),
(1667, 'Libre', '2026-03-24 16:32:38', 41),
(1668, 'Occupée', '2026-03-24 16:32:38', 42),
(1669, 'Libre', '2026-03-24 16:32:38', 43),
(1670, 'Occupée', '2026-03-24 16:32:38', 44),
(1671, 'Libre', '2026-03-24 16:32:38', 45),
(1672, 'Occupée', '2026-03-24 16:32:38', 46),
(1673, 'Libre', '2026-03-24 16:32:38', 47),
(1674, 'Occupée', '2026-03-24 16:32:38', 48),
(1675, 'Libre', '2026-03-24 16:32:38', 49),
(1676, 'Occupée', '2026-03-24 16:32:38', 50),
(1677, 'Occupée', '2026-03-24 16:32:38', 51),
(1678, 'Occupée', '2026-03-24 16:32:38', 52),
(1679, 'Occupée', '2026-03-24 16:32:38', 53),
(1680, 'Libre', '2026-03-24 16:32:38', 54),
(1681, 'Occupée', '2026-03-24 16:32:38', 55),
(1682, 'Occupée', '2026-03-24 16:32:38', 56),
(1683, 'Libre', '2026-03-24 16:32:38', 57),
(1684, 'Occupée', '2026-03-24 16:32:38', 58),
(1685, 'Libre', '2026-03-24 16:32:38', 59),
(1686, 'Occupée', '2026-03-24 16:32:38', 60),
(1687, 'Libre', '2026-03-24 16:32:38', 61),
(1688, 'Occupée', '2026-03-24 16:32:38', 62),
(1689, 'Libre', '2026-03-24 16:32:38', 63),
(1690, 'Occupée', '2026-03-24 16:32:38', 64),
(1691, 'Libre', '2026-03-24 16:33:38', 1),
(1692, 'Libre', '2026-03-24 16:33:38', 2),
(1693, 'Occupée', '2026-03-24 16:33:38', 3),
(1694, 'Libre', '2026-03-24 16:33:38', 4),
(1695, 'Occupée', '2026-03-24 16:33:38', 5),
(1696, 'Occupée', '2026-03-24 16:33:38', 6),
(1697, 'Occupée', '2026-03-24 16:33:38', 7),
(1698, 'Occupée', '2026-03-24 16:33:38', 8),
(1699, 'Occupée', '2026-03-24 16:33:38', 9),
(1700, 'Occupée', '2026-03-24 16:33:38', 10),
(1701, 'Occupée', '2026-03-24 16:33:38', 11),
(1702, 'Libre', '2026-03-24 16:33:38', 12),
(1703, 'Libre', '2026-03-24 16:33:38', 13),
(1704, 'Occupée', '2026-03-24 16:33:38', 14),
(1705, 'Occupée', '2026-03-24 16:33:38', 15),
(1706, 'Occupée', '2026-03-24 16:33:38', 16),
(1707, 'Occupée', '2026-03-24 16:33:38', 17),
(1708, 'Libre', '2026-03-24 16:33:39', 18),
(1709, 'Occupée', '2026-03-24 16:33:39', 19),
(1710, 'Occupée', '2026-03-24 16:33:39', 20),
(1711, 'Libre', '2026-03-24 16:33:39', 21),
(1712, 'Occupée', '2026-03-24 16:33:39', 22),
(1713, 'Libre', '2026-03-24 16:33:39', 23),
(1714, 'Libre', '2026-03-24 16:33:39', 24),
(1715, 'Occupée', '2026-03-24 16:33:39', 25),
(1716, 'Occupée', '2026-03-24 16:33:39', 26),
(1717, 'Occupée', '2026-03-24 16:33:39', 27),
(1718, 'Occupée', '2026-03-24 16:33:39', 28),
(1719, 'Occupée', '2026-03-24 16:33:39', 29),
(1720, 'Occupée', '2026-03-24 16:33:39', 30),
(1721, 'Occupée', '2026-03-24 16:33:39', 31),
(1722, 'Libre', '2026-03-24 16:33:39', 32),
(1723, 'Libre', '2026-03-24 16:33:39', 33),
(1724, 'Occupée', '2026-03-24 16:33:39', 34),
(1725, 'Occupée', '2026-03-24 16:33:39', 35),
(1726, 'Occupée', '2026-03-24 16:33:39', 36),
(1727, 'Occupée', '2026-03-24 16:33:39', 37),
(1728, 'Libre', '2026-03-24 16:33:39', 38),
(1729, 'Occupée', '2026-03-24 16:33:39', 39),
(1730, 'Occupée', '2026-03-24 16:33:39', 40),
(1731, 'Libre', '2026-03-24 16:33:39', 41),
(1732, 'Occupée', '2026-03-24 16:33:39', 42),
(1733, 'Libre', '2026-03-24 16:33:39', 43),
(1734, 'Occupée', '2026-03-24 16:33:39', 44),
(1735, 'Libre', '2026-03-24 16:33:39', 45),
(1736, 'Occupée', '2026-03-24 16:33:39', 46),
(1737, 'Libre', '2026-03-24 16:33:39', 47),
(1738, 'Occupée', '2026-03-24 16:33:39', 48),
(1739, 'Libre', '2026-03-24 16:33:39', 49),
(1740, 'Occupée', '2026-03-24 16:33:39', 50),
(1741, 'Occupée', '2026-03-24 16:33:39', 51),
(1742, 'Occupée', '2026-03-24 16:33:39', 52),
(1743, 'Occupée', '2026-03-24 16:33:39', 53),
(1744, 'Libre', '2026-03-24 16:33:39', 54),
(1745, 'Occupée', '2026-03-24 16:33:39', 55),
(1746, 'Occupée', '2026-03-24 16:33:39', 56),
(1747, 'Libre', '2026-03-24 16:33:39', 57),
(1748, 'Occupée', '2026-03-24 16:33:39', 58),
(1749, 'Libre', '2026-03-24 16:33:39', 59),
(1750, 'Occupée', '2026-03-24 16:33:39', 60),
(1751, 'Libre', '2026-03-24 16:33:39', 61),
(1752, 'Occupée', '2026-03-24 16:33:39', 62),
(1753, 'Libre', '2026-03-24 16:33:39', 63),
(1754, 'Occupée', '2026-03-24 16:33:39', 64),
(1755, 'Libre', '2026-03-24 16:34:40', 1),
(1756, 'Libre', '2026-03-24 16:34:40', 2),
(1757, 'Occupée', '2026-03-24 16:34:40', 3),
(1758, 'Libre', '2026-03-24 16:34:40', 4),
(1759, 'Occupée', '2026-03-24 16:34:40', 5),
(1760, 'Occupée', '2026-03-24 16:34:40', 6),
(1761, 'Occupée', '2026-03-24 16:34:40', 7),
(1762, 'Occupée', '2026-03-24 16:34:40', 8),
(1763, 'Occupée', '2026-03-24 16:34:40', 9),
(1764, 'Occupée', '2026-03-24 16:34:40', 10),
(1765, 'Occupée', '2026-03-24 16:34:40', 11),
(1766, 'Libre', '2026-03-24 16:34:40', 12),
(1767, 'Libre', '2026-03-24 16:34:40', 13),
(1768, 'Occupée', '2026-03-24 16:34:40', 14),
(1769, 'Occupée', '2026-03-24 16:34:40', 15),
(1770, 'Occupée', '2026-03-24 16:34:40', 16),
(1771, 'Occupée', '2026-03-24 16:34:40', 17),
(1772, 'Libre', '2026-03-24 16:34:40', 18),
(1773, 'Occupée', '2026-03-24 16:34:40', 19),
(1774, 'Occupée', '2026-03-24 16:34:40', 20),
(1775, 'Libre', '2026-03-24 16:34:40', 21),
(1776, 'Occupée', '2026-03-24 16:34:40', 22),
(1777, 'Libre', '2026-03-24 16:34:40', 23),
(1778, 'Libre', '2026-03-24 16:34:40', 24),
(1779, 'Occupée', '2026-03-24 16:34:40', 25),
(1780, 'Occupée', '2026-03-24 16:34:40', 26),
(1781, 'Occupée', '2026-03-24 16:34:40', 27),
(1782, 'Occupée', '2026-03-24 16:34:40', 28),
(1783, 'Occupée', '2026-03-24 16:34:40', 29),
(1784, 'Occupée', '2026-03-24 16:34:40', 30),
(1785, 'Occupée', '2026-03-24 16:34:40', 31),
(1786, 'Libre', '2026-03-24 16:34:40', 32),
(1787, 'Libre', '2026-03-24 16:34:40', 33),
(1788, 'Occupée', '2026-03-24 16:34:40', 34),
(1789, 'Occupée', '2026-03-24 16:34:40', 35),
(1790, 'Occupée', '2026-03-24 16:34:40', 36),
(1791, 'Occupée', '2026-03-24 16:34:40', 37),
(1792, 'Libre', '2026-03-24 16:34:40', 38),
(1793, 'Occupée', '2026-03-24 16:34:40', 39),
(1794, 'Occupée', '2026-03-24 16:34:40', 40),
(1795, 'Libre', '2026-03-24 16:34:40', 41),
(1796, 'Occupée', '2026-03-24 16:34:40', 42),
(1797, 'Libre', '2026-03-24 16:34:40', 43),
(1798, 'Occupée', '2026-03-24 16:34:40', 44),
(1799, 'Libre', '2026-03-24 16:34:40', 45),
(1800, 'Occupée', '2026-03-24 16:34:41', 46),
(1801, 'Libre', '2026-03-24 16:34:41', 47),
(1802, 'Occupée', '2026-03-24 16:34:41', 48),
(1803, 'Libre', '2026-03-24 16:34:41', 49),
(1804, 'Occupée', '2026-03-24 16:34:41', 50),
(1805, 'Occupée', '2026-03-24 16:34:41', 51),
(1806, 'Occupée', '2026-03-24 16:34:41', 52),
(1807, 'Occupée', '2026-03-24 16:34:41', 53),
(1808, 'Libre', '2026-03-24 16:34:41', 54),
(1809, 'Occupée', '2026-03-24 16:34:41', 55),
(1810, 'Occupée', '2026-03-24 16:34:41', 56),
(1811, 'Libre', '2026-03-24 16:34:41', 57),
(1812, 'Occupée', '2026-03-24 16:34:41', 58),
(1813, 'Libre', '2026-03-24 16:34:41', 59),
(1814, 'Occupée', '2026-03-24 16:34:41', 60),
(1815, 'Libre', '2026-03-24 16:34:41', 61),
(1816, 'Occupée', '2026-03-24 16:34:41', 62),
(1817, 'Libre', '2026-03-24 16:34:41', 63),
(1818, 'Occupée', '2026-03-24 16:34:41', 64),
(1819, 'Libre', '2026-03-24 16:35:41', 1),
(1820, 'Libre', '2026-03-24 16:35:41', 2),
(1821, 'Occupée', '2026-03-24 16:35:41', 3),
(1822, 'Libre', '2026-03-24 16:35:41', 4),
(1823, 'Occupée', '2026-03-24 16:35:41', 5),
(1824, 'Occupée', '2026-03-24 16:35:41', 6),
(1825, 'Occupée', '2026-03-24 16:35:41', 7),
(1826, 'Occupée', '2026-03-24 16:35:41', 8),
(1827, 'Occupée', '2026-03-24 16:35:41', 9),
(1828, 'Occupée', '2026-03-24 16:35:41', 10),
(1829, 'Occupée', '2026-03-24 16:35:41', 11),
(1830, 'Libre', '2026-03-24 16:35:41', 12),
(1831, 'Libre', '2026-03-24 16:35:41', 13),
(1832, 'Occupée', '2026-03-24 16:35:41', 14),
(1833, 'Occupée', '2026-03-24 16:35:41', 15),
(1834, 'Occupée', '2026-03-24 16:35:41', 16),
(1835, 'Occupée', '2026-03-24 16:35:41', 17),
(1836, 'Libre', '2026-03-24 16:35:41', 18),
(1837, 'Occupée', '2026-03-24 16:35:41', 19),
(1838, 'Occupée', '2026-03-24 16:35:41', 20),
(1839, 'Libre', '2026-03-24 16:35:41', 21),
(1840, 'Occupée', '2026-03-24 16:35:41', 22),
(1841, 'Libre', '2026-03-24 16:35:41', 23),
(1842, 'Libre', '2026-03-24 16:35:41', 24),
(1843, 'Occupée', '2026-03-24 16:35:41', 25),
(1844, 'Occupée', '2026-03-24 16:35:41', 26),
(1845, 'Occupée', '2026-03-24 16:35:41', 27),
(1846, 'Occupée', '2026-03-24 16:35:41', 28),
(1847, 'Occupée', '2026-03-24 16:35:42', 29),
(1848, 'Occupée', '2026-03-24 16:35:42', 30),
(1849, 'Occupée', '2026-03-24 16:35:42', 31),
(1850, 'Libre', '2026-03-24 16:35:42', 32),
(1851, 'Libre', '2026-03-24 16:35:42', 33),
(1852, 'Occupée', '2026-03-24 16:35:42', 34),
(1853, 'Occupée', '2026-03-24 16:35:42', 35),
(1854, 'Occupée', '2026-03-24 16:35:42', 36),
(1855, 'Occupée', '2026-03-24 16:35:42', 37),
(1856, 'Libre', '2026-03-24 16:35:42', 38),
(1857, 'Occupée', '2026-03-24 16:35:42', 39),
(1858, 'Occupée', '2026-03-24 16:35:42', 40),
(1859, 'Libre', '2026-03-24 16:35:42', 41),
(1860, 'Occupée', '2026-03-24 16:35:42', 42),
(1861, 'Libre', '2026-03-24 16:35:42', 43),
(1862, 'Occupée', '2026-03-24 16:35:42', 44),
(1863, 'Libre', '2026-03-24 16:35:42', 45),
(1864, 'Occupée', '2026-03-24 16:35:42', 46),
(1865, 'Libre', '2026-03-24 16:35:42', 47),
(1866, 'Occupée', '2026-03-24 16:35:42', 48),
(1867, 'Libre', '2026-03-24 16:35:42', 49),
(1868, 'Occupée', '2026-03-24 16:35:42', 50),
(1869, 'Occupée', '2026-03-24 16:35:42', 51),
(1870, 'Occupée', '2026-03-24 16:35:42', 52),
(1871, 'Occupée', '2026-03-24 16:35:42', 53),
(1872, 'Libre', '2026-03-24 16:35:42', 54),
(1873, 'Occupée', '2026-03-24 16:35:42', 55),
(1874, 'Occupée', '2026-03-24 16:35:42', 56),
(1875, 'Libre', '2026-03-24 16:35:42', 57),
(1876, 'Occupée', '2026-03-24 16:35:42', 58),
(1877, 'Libre', '2026-03-24 16:35:42', 59),
(1878, 'Occupée', '2026-03-24 16:35:42', 60),
(1879, 'Libre', '2026-03-24 16:35:42', 61),
(1880, 'Occupée', '2026-03-24 16:35:42', 62),
(1881, 'Libre', '2026-03-24 16:35:42', 63),
(1882, 'Occupée', '2026-03-24 16:35:42', 64),
(1883, 'Libre', '2026-03-24 16:36:42', 1),
(1884, 'Libre', '2026-03-24 16:36:42', 2),
(1885, 'Occupée', '2026-03-24 16:36:42', 3),
(1886, 'Libre', '2026-03-24 16:36:42', 4),
(1887, 'Occupée', '2026-03-24 16:36:42', 5),
(1888, 'Occupée', '2026-03-24 16:36:42', 6),
(1889, 'Occupée', '2026-03-24 16:36:43', 7),
(1890, 'Occupée', '2026-03-24 16:36:43', 8),
(1891, 'Occupée', '2026-03-24 16:36:43', 9),
(1892, 'Occupée', '2026-03-24 16:36:43', 10),
(1893, 'Occupée', '2026-03-24 16:36:43', 11),
(1894, 'Libre', '2026-03-24 16:36:43', 12),
(1895, 'Libre', '2026-03-24 16:36:43', 13),
(1896, 'Occupée', '2026-03-24 16:36:43', 14),
(1897, 'Occupée', '2026-03-24 16:36:43', 15),
(1898, 'Occupée', '2026-03-24 16:36:43', 16),
(1899, 'Occupée', '2026-03-24 16:36:43', 17),
(1900, 'Libre', '2026-03-24 16:36:43', 18),
(1901, 'Occupée', '2026-03-24 16:36:43', 19),
(1902, 'Occupée', '2026-03-24 16:36:43', 20),
(1903, 'Libre', '2026-03-24 16:36:43', 21),
(1904, 'Occupée', '2026-03-24 16:36:43', 22),
(1905, 'Libre', '2026-03-24 16:36:43', 23),
(1906, 'Libre', '2026-03-24 16:36:43', 24),
(1907, 'Occupée', '2026-03-24 16:36:43', 25),
(1908, 'Occupée', '2026-03-24 16:36:43', 26),
(1909, 'Occupée', '2026-03-24 16:36:43', 27),
(1910, 'Occupée', '2026-03-24 16:36:43', 28),
(1911, 'Occupée', '2026-03-24 16:36:43', 29),
(1912, 'Occupée', '2026-03-24 16:36:43', 30),
(1913, 'Occupée', '2026-03-24 16:36:43', 31),
(1914, 'Libre', '2026-03-24 16:36:43', 32),
(1915, 'Libre', '2026-03-24 16:36:43', 33),
(1916, 'Occupée', '2026-03-24 16:36:43', 34),
(1917, 'Occupée', '2026-03-24 16:36:43', 35),
(1918, 'Occupée', '2026-03-24 16:36:43', 36),
(1919, 'Occupée', '2026-03-24 16:36:43', 37),
(1920, 'Libre', '2026-03-24 16:36:43', 38),
(1921, 'Occupée', '2026-03-24 16:36:43', 39),
(1922, 'Occupée', '2026-03-24 16:36:43', 40),
(1923, 'Libre', '2026-03-24 16:36:43', 41),
(1924, 'Occupée', '2026-03-24 16:36:43', 42),
(1925, 'Libre', '2026-03-24 16:36:43', 43),
(1926, 'Occupée', '2026-03-24 16:36:43', 44),
(1927, 'Libre', '2026-03-24 16:36:43', 45),
(1928, 'Occupée', '2026-03-24 16:36:43', 46),
(1929, 'Libre', '2026-03-24 16:36:43', 47),
(1930, 'Occupée', '2026-03-24 16:36:43', 48),
(1931, 'Libre', '2026-03-24 16:36:43', 49),
(1932, 'Occupée', '2026-03-24 16:36:43', 50),
(1933, 'Occupée', '2026-03-24 16:36:43', 51),
(1934, 'Occupée', '2026-03-24 16:36:43', 52),
(1935, 'Occupée', '2026-03-24 16:36:44', 53),
(1936, 'Libre', '2026-03-24 16:36:44', 54),
(1937, 'Occupée', '2026-03-24 16:36:44', 55),
(1938, 'Occupée', '2026-03-24 16:36:44', 56),
(1939, 'Libre', '2026-03-24 16:36:44', 57),
(1940, 'Occupée', '2026-03-24 16:36:44', 58),
(1941, 'Libre', '2026-03-24 16:36:44', 59),
(1942, 'Occupée', '2026-03-24 16:36:44', 60),
(1943, 'Libre', '2026-03-24 16:36:44', 61),
(1944, 'Occupée', '2026-03-24 16:36:44', 62),
(1945, 'Libre', '2026-03-24 16:36:44', 63),
(1946, 'Occupée', '2026-03-24 16:36:44', 64),
(1947, 'Libre', '2026-03-24 16:37:44', 1),
(1948, 'Libre', '2026-03-24 16:37:44', 2),
(1949, 'Occupée', '2026-03-24 16:37:44', 3),
(1950, 'Libre', '2026-03-24 16:37:44', 4),
(1951, 'Occupée', '2026-03-24 16:37:44', 5),
(1952, 'Occupée', '2026-03-24 16:37:44', 6),
(1953, 'Occupée', '2026-03-24 16:37:44', 7),
(1954, 'Occupée', '2026-03-24 16:37:44', 8),
(1955, 'Occupée', '2026-03-24 16:37:44', 9),
(1956, 'Occupée', '2026-03-24 16:37:44', 10),
(1957, 'Occupée', '2026-03-24 16:37:44', 11),
(1958, 'Libre', '2026-03-24 16:37:44', 12),
(1959, 'Libre', '2026-03-24 16:37:44', 13),
(1960, 'Occupée', '2026-03-24 16:37:44', 14),
(1961, 'Occupée', '2026-03-24 16:37:44', 15),
(1962, 'Occupée', '2026-03-24 16:37:44', 16),
(1963, 'Occupée', '2026-03-24 16:37:44', 17),
(1964, 'Libre', '2026-03-24 16:37:44', 18),
(1965, 'Occupée', '2026-03-24 16:37:44', 19),
(1966, 'Occupée', '2026-03-24 16:37:44', 20),
(1967, 'Libre', '2026-03-24 16:37:44', 21),
(1968, 'Occupée', '2026-03-24 16:37:44', 22),
(1969, 'Libre', '2026-03-24 16:37:44', 23),
(1970, 'Libre', '2026-03-24 16:37:44', 24),
(1971, 'Occupée', '2026-03-24 16:37:44', 25),
(1972, 'Occupée', '2026-03-24 16:37:44', 26),
(1973, 'Occupée', '2026-03-24 16:37:44', 27),
(1974, 'Occupée', '2026-03-24 16:37:44', 28),
(1975, 'Occupée', '2026-03-24 16:37:44', 29),
(1976, 'Occupée', '2026-03-24 16:37:44', 30),
(1977, 'Occupée', '2026-03-24 16:37:44', 31),
(1978, 'Libre', '2026-03-24 16:37:44', 32),
(1979, 'Libre', '2026-03-24 16:37:45', 33),
(1980, 'Occupée', '2026-03-24 16:37:45', 34),
(1981, 'Occupée', '2026-03-24 16:37:45', 35),
(1982, 'Occupée', '2026-03-24 16:37:45', 36),
(1983, 'Occupée', '2026-03-24 16:37:45', 37),
(1984, 'Libre', '2026-03-24 16:37:45', 38),
(1985, 'Occupée', '2026-03-24 16:37:45', 39),
(1986, 'Occupée', '2026-03-24 16:37:45', 40),
(1987, 'Libre', '2026-03-24 16:37:45', 41),
(1988, 'Occupée', '2026-03-24 16:37:45', 42),
(1989, 'Libre', '2026-03-24 16:37:45', 43),
(1990, 'Occupée', '2026-03-24 16:37:45', 44),
(1991, 'Libre', '2026-03-24 16:37:45', 45),
(1992, 'Occupée', '2026-03-24 16:37:45', 46),
(1993, 'Libre', '2026-03-24 16:37:45', 47),
(1994, 'Occupée', '2026-03-24 16:37:45', 48),
(1995, 'Libre', '2026-03-24 16:37:45', 49),
(1996, 'Occupée', '2026-03-24 16:37:45', 50),
(1997, 'Occupée', '2026-03-24 16:37:45', 51),
(1998, 'Occupée', '2026-03-24 16:37:45', 52),
(1999, 'Occupée', '2026-03-24 16:37:45', 53),
(2000, 'Libre', '2026-03-24 16:37:45', 54),
(2001, 'Occupée', '2026-03-24 16:37:45', 55),
(2002, 'Occupée', '2026-03-24 16:37:45', 56),
(2003, 'Libre', '2026-03-24 16:37:45', 57),
(2004, 'Occupée', '2026-03-24 16:37:45', 58),
(2005, 'Libre', '2026-03-24 16:37:45', 59),
(2006, 'Occupée', '2026-03-24 16:37:45', 60),
(2007, 'Libre', '2026-03-24 16:37:45', 61),
(2008, 'Occupée', '2026-03-24 16:37:45', 62),
(2009, 'Libre', '2026-03-24 16:37:45', 63),
(2010, 'Occupée', '2026-03-24 16:37:45', 64),
(2011, 'Libre', '2026-03-24 16:38:45', 1),
(2012, 'Libre', '2026-03-24 16:38:45', 2),
(2013, 'Occupée', '2026-03-24 16:38:45', 3),
(2014, 'Libre', '2026-03-24 16:38:45', 4),
(2015, 'Occupée', '2026-03-24 16:38:45', 5),
(2016, 'Occupée', '2026-03-24 16:38:45', 6),
(2017, 'Occupée', '2026-03-24 16:38:45', 7),
(2018, 'Occupée', '2026-03-24 16:38:45', 8),
(2019, 'Occupée', '2026-03-24 16:38:45', 9),
(2020, 'Occupée', '2026-03-24 16:38:45', 10),
(2021, 'Occupée', '2026-03-24 16:38:46', 11),
(2022, 'Libre', '2026-03-24 16:38:46', 12),
(2023, 'Libre', '2026-03-24 16:38:46', 13),
(2024, 'Occupée', '2026-03-24 16:38:46', 14),
(2025, 'Occupée', '2026-03-24 16:38:46', 15),
(2026, 'Occupée', '2026-03-24 16:38:46', 16),
(2027, 'Occupée', '2026-03-24 16:38:46', 17),
(2028, 'Libre', '2026-03-24 16:38:46', 18),
(2029, 'Occupée', '2026-03-24 16:38:46', 19),
(2030, 'Occupée', '2026-03-24 16:38:46', 20),
(2031, 'Libre', '2026-03-24 16:38:46', 21),
(2032, 'Occupée', '2026-03-24 16:38:46', 22),
(2033, 'Libre', '2026-03-24 16:38:46', 23),
(2034, 'Libre', '2026-03-24 16:38:46', 24),
(2035, 'Occupée', '2026-03-24 16:38:46', 25),
(2036, 'Occupée', '2026-03-24 16:38:46', 26),
(2037, 'Occupée', '2026-03-24 16:38:46', 27),
(2038, 'Occupée', '2026-03-24 16:38:46', 28),
(2039, 'Occupée', '2026-03-24 16:38:46', 29),
(2040, 'Occupée', '2026-03-24 16:38:46', 30),
(2041, 'Occupée', '2026-03-24 16:38:46', 31),
(2042, 'Libre', '2026-03-24 16:38:46', 32),
(2043, 'Libre', '2026-03-24 16:38:46', 33),
(2044, 'Occupée', '2026-03-24 16:38:46', 34),
(2045, 'Occupée', '2026-03-24 16:38:46', 35),
(2046, 'Occupée', '2026-03-24 16:38:46', 36),
(2047, 'Occupée', '2026-03-24 16:38:46', 37),
(2048, 'Libre', '2026-03-24 16:38:46', 38),
(2049, 'Occupée', '2026-03-24 16:38:46', 39),
(2050, 'Occupée', '2026-03-24 16:38:46', 40),
(2051, 'Libre', '2026-03-24 16:38:46', 41),
(2052, 'Occupée', '2026-03-24 16:38:46', 42),
(2053, 'Libre', '2026-03-24 16:38:46', 43),
(2054, 'Occupée', '2026-03-24 16:38:46', 44),
(2055, 'Libre', '2026-03-24 16:38:46', 45),
(2056, 'Occupée', '2026-03-24 16:38:46', 46),
(2057, 'Libre', '2026-03-24 16:38:46', 47),
(2058, 'Occupée', '2026-03-24 16:38:46', 48),
(2059, 'Libre', '2026-03-24 16:38:46', 49),
(2060, 'Occupée', '2026-03-24 16:38:46', 50),
(2061, 'Occupée', '2026-03-24 16:38:46', 51),
(2062, 'Occupée', '2026-03-24 16:38:46', 52),
(2063, 'Occupée', '2026-03-24 16:38:46', 53),
(2064, 'Libre', '2026-03-24 16:38:46', 54),
(2065, 'Occupée', '2026-03-24 16:38:46', 55),
(2066, 'Occupée', '2026-03-24 16:38:46', 56),
(2067, 'Libre', '2026-03-24 16:38:46', 57),
(2068, 'Occupée', '2026-03-24 16:38:47', 58),
(2069, 'Libre', '2026-03-24 16:38:47', 59),
(2070, 'Occupée', '2026-03-24 16:38:47', 60),
(2071, 'Libre', '2026-03-24 16:38:47', 61),
(2072, 'Occupée', '2026-03-24 16:38:47', 62),
(2073, 'Libre', '2026-03-24 16:38:47', 63),
(2074, 'Occupée', '2026-03-24 16:38:47', 64),
(2075, 'Libre', '2026-03-24 16:39:47', 1),
(2076, 'Libre', '2026-03-24 16:39:47', 2),
(2077, 'Occupée', '2026-03-24 16:39:47', 3),
(2078, 'Libre', '2026-03-24 16:39:47', 4),
(2079, 'Occupée', '2026-03-24 16:39:47', 5),
(2080, 'Occupée', '2026-03-24 16:39:47', 6),
(2081, 'Occupée', '2026-03-24 16:39:47', 7),
(2082, 'Occupée', '2026-03-24 16:39:47', 8),
(2083, 'Occupée', '2026-03-24 16:39:47', 9),
(2084, 'Occupée', '2026-03-24 16:39:47', 10),
(2085, 'Occupée', '2026-03-24 16:39:47', 11),
(2086, 'Libre', '2026-03-24 16:39:47', 12),
(2087, 'Libre', '2026-03-24 16:39:47', 13),
(2088, 'Occupée', '2026-03-24 16:39:47', 14),
(2089, 'Occupée', '2026-03-24 16:39:47', 15),
(2090, 'Occupée', '2026-03-24 16:39:47', 16),
(2091, 'Occupée', '2026-03-24 16:39:47', 17),
(2092, 'Libre', '2026-03-24 16:39:47', 18),
(2093, 'Occupée', '2026-03-24 16:39:47', 19),
(2094, 'Occupée', '2026-03-24 16:39:47', 20),
(2095, 'Libre', '2026-03-24 16:39:47', 21),
(2096, 'Occupée', '2026-03-24 16:39:47', 22),
(2097, 'Libre', '2026-03-24 16:39:47', 23),
(2098, 'Libre', '2026-03-24 16:39:47', 24),
(2099, 'Occupée', '2026-03-24 16:39:47', 25),
(2100, 'Occupée', '2026-03-24 16:39:47', 26),
(2101, 'Occupée', '2026-03-24 16:39:47', 27),
(2102, 'Occupée', '2026-03-24 16:39:47', 28),
(2103, 'Occupée', '2026-03-24 16:39:48', 29),
(2104, 'Occupée', '2026-03-24 16:39:48', 30),
(2105, 'Occupée', '2026-03-24 16:39:48', 31),
(2106, 'Libre', '2026-03-24 16:39:48', 32),
(2107, 'Libre', '2026-03-24 16:39:48', 33),
(2108, 'Occupée', '2026-03-24 16:39:48', 34),
(2109, 'Occupée', '2026-03-24 16:39:48', 35),
(2110, 'Occupée', '2026-03-24 16:39:48', 36),
(2111, 'Occupée', '2026-03-24 16:39:48', 37),
(2112, 'Libre', '2026-03-24 16:39:48', 38),
(2113, 'Occupée', '2026-03-24 16:39:48', 39),
(2114, 'Occupée', '2026-03-24 16:39:48', 40),
(2115, 'Libre', '2026-03-24 16:39:48', 41),
(2116, 'Occupée', '2026-03-24 16:39:48', 42),
(2117, 'Libre', '2026-03-24 16:39:48', 43),
(2118, 'Occupée', '2026-03-24 16:39:48', 44),
(2119, 'Libre', '2026-03-24 16:39:48', 45),
(2120, 'Occupée', '2026-03-24 16:39:48', 46),
(2121, 'Libre', '2026-03-24 16:39:48', 47),
(2122, 'Occupée', '2026-03-24 16:39:48', 48),
(2123, 'Libre', '2026-03-24 16:39:48', 49),
(2124, 'Occupée', '2026-03-24 16:39:48', 50),
(2125, 'Occupée', '2026-03-24 16:39:48', 51),
(2126, 'Occupée', '2026-03-24 16:39:48', 52),
(2127, 'Occupée', '2026-03-24 16:39:48', 53),
(2128, 'Libre', '2026-03-24 16:39:48', 54),
(2129, 'Occupée', '2026-03-24 16:39:48', 55),
(2130, 'Occupée', '2026-03-24 16:39:48', 56),
(2131, 'Libre', '2026-03-24 16:39:48', 57),
(2132, 'Occupée', '2026-03-24 16:39:48', 58),
(2133, 'Libre', '2026-03-24 16:39:48', 59),
(2134, 'Occupée', '2026-03-24 16:39:48', 60),
(2135, 'Libre', '2026-03-24 16:39:48', 61),
(2136, 'Occupée', '2026-03-24 16:39:48', 62),
(2137, 'Libre', '2026-03-24 16:39:48', 63),
(2138, 'Occupée', '2026-03-24 16:39:48', 64),
(2139, 'Libre', '2026-03-24 16:40:48', 1),
(2140, 'Libre', '2026-03-24 16:40:48', 2),
(2141, 'Occupée', '2026-03-24 16:40:48', 3),
(2142, 'Libre', '2026-03-24 16:40:48', 4),
(2143, 'Occupée', '2026-03-24 16:40:48', 5),
(2144, 'Occupée', '2026-03-24 16:40:48', 6),
(2145, 'Occupée', '2026-03-24 16:40:48', 7),
(2146, 'Occupée', '2026-03-24 16:40:48', 8),
(2147, 'Occupée', '2026-03-24 16:40:48', 9),
(2148, 'Occupée', '2026-03-24 16:40:48', 10),
(2149, 'Occupée', '2026-03-24 16:40:49', 11),
(2150, 'Libre', '2026-03-24 16:40:49', 12),
(2151, 'Libre', '2026-03-24 16:40:49', 13),
(2152, 'Occupée', '2026-03-24 16:40:49', 14),
(2153, 'Occupée', '2026-03-24 16:40:49', 15),
(2154, 'Occupée', '2026-03-24 16:40:49', 16),
(2155, 'Occupée', '2026-03-24 16:40:49', 17),
(2156, 'Libre', '2026-03-24 16:40:49', 18),
(2157, 'Occupée', '2026-03-24 16:40:49', 19),
(2158, 'Occupée', '2026-03-24 16:40:49', 20),
(2159, 'Libre', '2026-03-24 16:40:49', 21),
(2160, 'Occupée', '2026-03-24 16:40:49', 22),
(2161, 'Libre', '2026-03-24 16:40:49', 23),
(2162, 'Libre', '2026-03-24 16:40:49', 24),
(2163, 'Occupée', '2026-03-24 16:40:49', 25),
(2164, 'Occupée', '2026-03-24 16:40:49', 26),
(2165, 'Occupée', '2026-03-24 16:40:49', 27),
(2166, 'Occupée', '2026-03-24 16:40:49', 28),
(2167, 'Occupée', '2026-03-24 16:40:49', 29),
(2168, 'Occupée', '2026-03-24 16:40:49', 30),
(2169, 'Occupée', '2026-03-24 16:40:49', 31),
(2170, 'Libre', '2026-03-24 16:40:49', 32),
(2171, 'Libre', '2026-03-24 16:40:49', 33),
(2172, 'Occupée', '2026-03-24 16:40:49', 34),
(2173, 'Occupée', '2026-03-24 16:40:49', 35),
(2174, 'Occupée', '2026-03-24 16:40:49', 36),
(2175, 'Occupée', '2026-03-24 16:40:49', 37),
(2176, 'Libre', '2026-03-24 16:40:49', 38),
(2177, 'Occupée', '2026-03-24 16:40:49', 39),
(2178, 'Occupée', '2026-03-24 16:40:49', 40),
(2179, 'Libre', '2026-03-24 16:40:49', 41),
(2180, 'Occupée', '2026-03-24 16:40:49', 42),
(2181, 'Libre', '2026-03-24 16:40:49', 43),
(2182, 'Occupée', '2026-03-24 16:40:49', 44),
(2183, 'Libre', '2026-03-24 16:40:49', 45),
(2184, 'Occupée', '2026-03-24 16:40:49', 46),
(2185, 'Libre', '2026-03-24 16:40:49', 47),
(2186, 'Occupée', '2026-03-24 16:40:49', 48),
(2187, 'Libre', '2026-03-24 16:40:49', 49),
(2188, 'Occupée', '2026-03-24 16:40:49', 50),
(2189, 'Occupée', '2026-03-24 16:40:49', 51),
(2190, 'Occupée', '2026-03-24 16:40:49', 52),
(2191, 'Occupée', '2026-03-24 16:40:49', 53),
(2192, 'Libre', '2026-03-24 16:40:49', 54),
(2193, 'Occupée', '2026-03-24 16:40:49', 55),
(2194, 'Occupée', '2026-03-24 16:40:49', 56),
(2195, 'Libre', '2026-03-24 16:40:50', 57),
(2196, 'Occupée', '2026-03-24 16:40:50', 58),
(2197, 'Libre', '2026-03-24 16:40:50', 59),
(2198, 'Occupée', '2026-03-24 16:40:50', 60),
(2199, 'Libre', '2026-03-24 16:40:50', 61),
(2200, 'Occupée', '2026-03-24 16:40:50', 62),
(2201, 'Libre', '2026-03-24 16:40:50', 63),
(2202, 'Occupée', '2026-03-24 16:40:50', 64);

--
-- Index pour les tables déchargées
--

--
-- Index pour la table `capteur`
--
ALTER TABLE `capteur`
  ADD PRIMARY KEY (`id`);

--
-- Index pour la table `configuration`
--
ALTER TABLE `configuration`
  ADD PRIMARY KEY (`id`),
  ADD KEY `id_capteur` (`id_capteur`);

--
-- Index pour la table `etat`
--
ALTER TABLE `etat`
  ADD PRIMARY KEY (`id`),
  ADD KEY `id_capteur` (`id_capteur`);

--
-- AUTO_INCREMENT pour les tables déchargées
--

--
-- AUTO_INCREMENT pour la table `capteur`
--
ALTER TABLE `capteur`
  MODIFY `id` int(11) NOT NULL AUTO_INCREMENT, AUTO_INCREMENT=65;

--
-- AUTO_INCREMENT pour la table `configuration`
--
ALTER TABLE `configuration`
  MODIFY `id` int(11) NOT NULL AUTO_INCREMENT, AUTO_INCREMENT=65;

--
-- AUTO_INCREMENT pour la table `etat`
--
ALTER TABLE `etat`
  MODIFY `id` int(11) NOT NULL AUTO_INCREMENT, AUTO_INCREMENT=2203;

--
-- Contraintes pour les tables déchargées
--

--
-- Contraintes pour la table `configuration`
--
ALTER TABLE `configuration`
  ADD CONSTRAINT `configuration_ibfk_1` FOREIGN KEY (`id_capteur`) REFERENCES `capteur` (`id`);

--
-- Contraintes pour la table `etat`
--
ALTER TABLE `etat`
  ADD CONSTRAINT `etat_ibfk_1` FOREIGN KEY (`id_capteur`) REFERENCES `capteur` (`id`);
COMMIT;

/*!40101 SET CHARACTER_SET_CLIENT=@OLD_CHARACTER_SET_CLIENT */;
/*!40101 SET CHARACTER_SET_RESULTS=@OLD_CHARACTER_SET_RESULTS */;
/*!40101 SET COLLATION_CONNECTION=@OLD_COLLATION_CONNECTION */;
